# Blender 5.2.1 LTS
# www.blender.org
mtllib polaroid.mtl
o Cylinder.001
v 0.009616 0.020117 -0.035414
v 0.011060 0.020117 -0.034664
v 0.012331 0.020117 -0.033647
v 0.013379 0.020117 -0.032401
v 0.014164 0.020117 -0.030975
v 0.014655 0.020117 -0.029423
v 0.014834 0.020117 -0.027805
v 0.014694 0.020117 -0.026184
v 0.014241 0.020117 -0.024621
v 0.013491 0.020117 -0.023176
v 0.012474 0.020117 -0.021905
v 0.011228 0.020117 -0.020857
v 0.009802 0.020117 -0.020073
v 0.008251 0.020117 -0.019581
v 0.006633 0.020117 -0.019402
v 0.005011 0.020117 -0.019542
v 0.003448 0.020117 -0.019995
v 0.002003 0.020117 -0.020745
v 0.000732 0.020117 -0.021762
v -0.000315 0.020117 -0.023008
v -0.001100 0.020117 -0.024434
v -0.001592 0.020117 -0.025986
v -0.001771 0.020117 -0.027603
v -0.001631 0.020117 -0.029225
v -0.001177 0.020117 -0.030788
v -0.000428 0.020117 -0.032233
v 0.000590 0.020117 -0.033504
v 0.001835 0.020117 -0.034552
v 0.003261 0.020117 -0.035336
v 0.004813 0.020117 -0.035828
v 0.006431 0.020117 -0.036007
v 0.008052 0.020117 -0.035867
v 0.008851 0.025516 -0.033503
v 0.009616 0.024850 -0.035414
v 0.009144 0.025465 -0.034234
v 0.009392 0.025321 -0.034854
v 0.009557 0.025105 -0.035268
v 0.009938 0.025516 -0.032939
v 0.011060 0.024850 -0.034664
v 0.010367 0.025465 -0.033599
v 0.010732 0.025321 -0.034159
v 0.010975 0.025105 -0.034533
v 0.010893 0.025516 -0.032174
v 0.012331 0.024850 -0.033647
v 0.011444 0.025465 -0.032737
v 0.011910 0.025321 -0.033215
v 0.012222 0.025105 -0.033535
v 0.011682 0.025516 -0.031237
v 0.013379 0.024850 -0.032401
v 0.012331 0.025465 -0.031682
v 0.012882 0.025321 -0.032060
v 0.013250 0.025105 -0.032312
v 0.012272 0.025516 -0.030164
v 0.014164 0.024850 -0.030975
v 0.012996 0.025465 -0.030475
v 0.013609 0.025321 -0.030738
v 0.014020 0.025105 -0.030913
v 0.012641 0.025516 -0.028997
v 0.014655 0.024850 -0.029423
v 0.013412 0.025465 -0.029160
v 0.014065 0.025321 -0.029298
v 0.014502 0.025105 -0.029391
v 0.012776 0.025516 -0.027780
v 0.014834 0.024850 -0.027805
v 0.013564 0.025465 -0.027790
v 0.014231 0.025321 -0.027798
v 0.014678 0.025105 -0.027804
v 0.012671 0.025516 -0.026561
v 0.014694 0.024850 -0.026184
v 0.013445 0.025465 -0.026416
v 0.014102 0.025321 -0.026294
v 0.014540 0.025105 -0.026212
v 0.012330 0.025516 -0.025385
v 0.014241 0.024850 -0.024621
v 0.013061 0.025465 -0.025092
v 0.013681 0.025321 -0.024844
v 0.014095 0.025105 -0.024679
v 0.011766 0.025516 -0.024298
v 0.013491 0.024850 -0.023176
v 0.012426 0.025465 -0.023869
v 0.012986 0.025321 -0.023505
v 0.013360 0.025105 -0.023261
v 0.011001 0.025516 -0.023343
v 0.012474 0.024850 -0.021905
v 0.011565 0.025465 -0.022793
v 0.012043 0.025321 -0.022326
v 0.012362 0.025105 -0.022015
v 0.010064 0.025516 -0.022555
v 0.011228 0.024850 -0.020857
v 0.010510 0.025465 -0.021905
v 0.010887 0.025321 -0.021354
v 0.011140 0.025105 -0.020986
v 0.008992 0.025516 -0.021964
v 0.009802 0.024850 -0.020073
v 0.009302 0.025465 -0.021240
v 0.009565 0.025321 -0.020627
v 0.009741 0.025105 -0.020217
v 0.007824 0.025516 -0.021595
v 0.008251 0.024850 -0.019581
v 0.007988 0.025465 -0.020824
v 0.008126 0.025321 -0.020171
v 0.008218 0.025105 -0.019734
v 0.006608 0.025516 -0.021460
v 0.006633 0.024850 -0.019402
v 0.006617 0.025465 -0.020672
v 0.006625 0.025321 -0.020005
v 0.006631 0.025105 -0.019559
v 0.005388 0.025516 -0.021565
v 0.005011 0.024850 -0.019542
v 0.005244 0.025465 -0.020791
v 0.005122 0.025321 -0.020134
v 0.005040 0.025105 -0.019696
v 0.004212 0.025516 -0.021906
v 0.003448 0.024850 -0.019995
v 0.003920 0.025465 -0.021175
v 0.003672 0.025321 -0.020555
v 0.003506 0.025105 -0.020141
v 0.003126 0.025516 -0.022470
v 0.002003 0.024850 -0.020745
v 0.002696 0.025465 -0.021810
v 0.002332 0.025321 -0.021250
v 0.002089 0.025105 -0.020876
v 0.002170 0.025516 -0.023235
v 0.000732 0.024850 -0.021762
v 0.001620 0.025465 -0.022672
v 0.001153 0.025321 -0.022194
v 0.000842 0.025105 -0.021874
v 0.001382 0.025516 -0.024172
v -0.000315 0.024850 -0.023008
v 0.000732 0.025465 -0.023726
v 0.000182 0.025321 -0.023349
v -0.000186 0.025105 -0.023096
v 0.000792 0.025516 -0.025245
v -0.001100 0.024850 -0.024434
v 0.000068 0.025465 -0.024934
v -0.000546 0.025321 -0.024671
v -0.000956 0.025105 -0.024496
v 0.000422 0.025516 -0.026412
v -0.001592 0.024850 -0.025986
v -0.000348 0.025465 -0.026249
v -0.001002 0.025321 -0.026110
v -0.001438 0.025105 -0.026018
v 0.000287 0.025516 -0.027628
v -0.001771 0.024850 -0.027603
v -0.000500 0.025465 -0.027619
v -0.001168 0.025321 -0.027611
v -0.001614 0.025105 -0.027605
v 0.000393 0.025516 -0.028848
v -0.001631 0.024850 -0.029225
v -0.000382 0.025465 -0.028992
v -0.001038 0.025321 -0.029115
v -0.001477 0.025105 -0.029196
v 0.000734 0.025516 -0.030024
v -0.001177 0.024850 -0.030788
v 0.000002 0.025465 -0.030316
v -0.000618 0.025321 -0.030564
v -0.001032 0.025105 -0.030730
v 0.001298 0.025516 -0.031110
v -0.000428 0.024850 -0.032233
v 0.000637 0.025465 -0.031540
v 0.000078 0.025321 -0.031904
v -0.000296 0.025105 -0.032148
v 0.002063 0.025516 -0.032066
v 0.000590 0.024850 -0.033504
v 0.001499 0.025465 -0.032616
v 0.001021 0.025321 -0.033083
v 0.000702 0.025105 -0.033394
v 0.002999 0.025516 -0.032854
v 0.001835 0.024850 -0.034552
v 0.002554 0.025465 -0.033504
v 0.002176 0.025321 -0.034054
v 0.001924 0.025105 -0.034422
v 0.004072 0.025516 -0.033444
v 0.003261 0.024850 -0.035336
v 0.003762 0.025465 -0.034168
v 0.003499 0.025321 -0.034782
v 0.003323 0.025105 -0.035192
v 0.005239 0.025516 -0.033814
v 0.004813 0.024850 -0.035828
v 0.005076 0.025465 -0.034585
v 0.004938 0.025321 -0.035238
v 0.004845 0.025105 -0.035674
v 0.006456 0.025516 -0.033949
v 0.006431 0.024850 -0.036007
v 0.006446 0.025465 -0.034736
v 0.006438 0.025321 -0.035404
v 0.006433 0.025105 -0.035850
v 0.007675 0.025516 -0.033844
v 0.008052 0.024850 -0.035867
v 0.007820 0.025465 -0.034618
v 0.007942 0.025321 -0.035274
v 0.008024 0.025105 -0.035713
v 0.078227 -0.021398 -0.016637
v 0.034766 -0.021398 0.091758
v 0.086395 -0.034178 -0.013369
v 0.043228 -0.034178 0.095143
v -0.031194 -0.036281 -0.053061
v -0.069037 -0.036281 0.041538
v 0.038520 -0.021398 -0.032520
v -0.004855 -0.021398 0.075909
v -0.014493 -0.034178 0.072053
v 0.028881 -0.034178 -0.036376
v 0.040162 -0.020936 -0.031863
v 0.040738 -0.021398 -0.031633
v 0.031544 -0.034178 -0.035311
v -0.002637 -0.021398 0.076796
v -0.011831 -0.034178 0.073118
v 0.054739 0.022784 0.066368
v 0.050888 -0.050030 0.075996
v 0.042425 -0.021398 0.072611
v 0.050888 -0.034178 0.075996
v 0.006053 0.022784 0.046892
v 0.008298 0.022784 0.047790
v -0.046225 0.022784 0.036394
v 0.051148 -0.050030 0.075345
v 0.042685 -0.021398 0.071960
v 0.051148 -0.034178 0.075345
v 0.006052 0.022784 0.046893
v 0.008298 -0.003477 0.047791
v -0.053174 -0.012751 0.056580
v -0.061121 -0.026823 0.053401
v -0.042430 -0.021398 0.060878
v -0.053706 -0.016473 0.056367
v -0.055404 -0.020454 0.055688
v -0.058007 -0.024089 0.054646
v -0.017747 -0.026823 -0.055028
v -0.009800 -0.012751 -0.051849
v 0.000944 -0.021398 -0.047551
v -0.014633 -0.024089 -0.053783
v -0.012029 -0.020454 -0.052741
v -0.010332 -0.016473 -0.052062
v 0.048162 0.022788 0.082811
v 0.041914 0.012113 0.094617
v 0.046274 0.021977 0.087530
v 0.044673 0.019664 0.091531
v 0.043014 0.016200 0.093968
v -0.015704 0.022784 -0.039906
v -0.010479 0.012102 -0.052121
v -0.013794 0.021971 -0.044616
v -0.012130 0.019655 -0.048591
v -0.010966 0.016190 -0.051227
v -0.053853 0.012102 0.056308
v -0.049212 0.022784 0.043859
v -0.053589 0.016190 0.055325
v -0.052615 0.019655 0.052614
v -0.051078 0.021971 0.048588
v -0.005312 0.012102 0.075726
v -0.000525 0.022784 0.063335
v -0.004993 0.016190 0.074765
v -0.003971 0.019655 0.072072
v -0.002402 0.021971 0.068059
v 0.038062 0.012102 -0.032703
v 0.032983 0.022784 -0.020430
v 0.038464 0.012112 -0.032542
v 0.037631 0.016190 -0.031787
v 0.036514 0.019655 -0.029133
v 0.034882 0.021971 -0.025144
v -0.003073 0.012113 0.076621
v 0.001721 0.022788 0.064234
v -0.002751 0.016200 0.075661
v -0.001727 0.019664 0.072970
v -0.000157 0.021977 0.068957
v 0.082977 -0.050030 -0.004222
v 0.086603 -0.042182 -0.013286
v 0.084364 -0.049433 -0.007690
v 0.085541 -0.047732 -0.010631
v 0.086327 -0.045185 -0.012596
v 0.043228 -0.042182 0.095143
v 0.046854 -0.050030 0.086079
v 0.043504 -0.045185 0.094453
v 0.044290 -0.047732 0.092488
v 0.045467 -0.049433 0.089548
v -0.021578 -0.050030 -0.046046
v -0.030871 -0.040079 -0.052932
v -0.023891 -0.049433 -0.050995
v -0.025954 -0.047732 -0.055232
v -0.027452 -0.045186 -0.058110
v -0.057700 -0.050030 0.044255
v -0.068713 -0.040079 0.041668
v -0.062789 -0.049433 0.046243
v -0.067204 -0.047732 0.047888
v -0.070275 -0.045186 0.048939
v 0.029222 -0.042182 -0.036239
v 0.025931 -0.050030 -0.027041
v 0.029074 -0.045186 -0.035498
v 0.028397 -0.047732 -0.033490
v 0.027293 -0.049433 -0.030520
v -0.010192 -0.050030 0.063259
v -0.014152 -0.042182 0.072190
v -0.011605 -0.049433 0.066718
v -0.012854 -0.047732 0.069629
v -0.013748 -0.045186 0.071551
v -0.011505 -0.042182 0.073248
v -0.007560 -0.050030 0.064312
v -0.011107 -0.045185 0.072607
v -0.010218 -0.047732 0.070684
v -0.008972 -0.049433 0.067771
v 0.031869 -0.042182 -0.035181
v 0.028562 -0.050030 -0.025989
v 0.031715 -0.045185 -0.034442
v 0.031033 -0.047732 -0.032436
v 0.029925 -0.049433 -0.029467
v -0.072215 -0.034178 0.048963
v -0.028840 -0.034178 -0.059466
v -0.071533 -0.042183 0.049236
v -0.028158 -0.042183 -0.059193
v -0.063638 -0.035540 0.043698
v -0.025795 -0.035540 -0.050902
v -0.063314 -0.039339 0.043828
v -0.025472 -0.039339 -0.050772
v 0.024644 -0.004642 0.087709
v 0.039937 -0.003744 0.093827
v 0.052085 -0.003717 0.065306
v 0.060085 -0.020936 -0.023894
v 0.065413 -0.021015 -0.021762
v 0.061308 -0.020942 -0.023405
v 0.062749 -0.020959 -0.022828
v 0.064191 -0.020985 -0.022251
v 0.036847 -0.006718 0.060374
v 0.033454 -0.004739 0.057855
v 0.038763 -0.004681 0.059978
v 0.035105 -0.004852 0.061448
v 0.036363 -0.006001 0.059736
v 0.035549 -0.005374 0.059033
v 0.034527 -0.004931 0.058372
v -0.031837 -0.006402 -0.014411
v 0.001875 -0.006402 -0.003356
v -0.031948 -0.009415 -0.014136
v 0.001748 -0.009856 -0.003041
v -0.032274 -0.012313 -0.013320
v 0.001374 -0.013177 -0.002105
v -0.032804 -0.014984 -0.011994
v 0.000766 -0.016237 -0.000586
v -0.033518 -0.017324 -0.010211
v -0.000051 -0.018920 0.001458
v -0.034387 -0.019245 -0.008038
v -0.001048 -0.021122 0.003949
v -0.035379 -0.020673 -0.005558
v -0.002184 -0.022758 0.006790
v -0.036455 -0.021552 -0.002868
v -0.003418 -0.023765 0.009874
v -0.037574 -0.021848 -0.000070
v -0.004701 -0.024105 0.013081
v -0.038694 -0.021552 0.002728
v -0.005983 -0.023765 0.016287
v -0.039770 -0.020673 0.005418
v -0.007217 -0.022758 0.019371
v -0.040762 -0.019245 0.007898
v -0.008354 -0.021122 0.022212
v -0.041631 -0.017324 0.010071
v -0.009350 -0.018920 0.024703
v -0.042345 -0.014984 0.011855
v -0.010168 -0.016237 0.026747
v -0.042875 -0.012313 0.013180
v -0.010775 -0.013177 0.028266
v -0.043201 -0.009415 0.013996
v -0.011149 -0.009856 0.029202
v -0.043311 -0.006402 0.014272
v -0.011276 -0.006402 0.029517
v -0.043201 -0.003388 0.013996
v -0.011149 -0.002948 0.029202
v -0.042875 -0.000491 0.013180
v -0.010775 0.000373 0.028266
v -0.042345 0.002180 0.011855
v -0.010168 0.003433 0.026747
v -0.041631 0.004520 0.010071
v -0.009350 0.006116 0.024703
v -0.040762 0.006441 0.007898
v -0.008354 0.008318 0.022212
v -0.039770 0.007869 0.005418
v -0.007217 0.009954 0.019371
v -0.038694 0.008748 0.002728
v -0.005983 0.010961 0.016287
v -0.037574 0.009045 -0.000070
v -0.004701 0.011301 0.013081
v -0.036455 0.008748 -0.002868
v -0.003418 0.010961 0.009874
v -0.035379 0.007869 -0.005558
v -0.002184 0.009954 0.006790
v -0.034387 0.006441 -0.008038
v -0.001048 0.008318 0.003949
v -0.033518 0.004520 -0.010211
v -0.000051 0.006116 0.001458
v -0.032804 0.002180 -0.011994
v 0.000766 0.003433 -0.000586
v -0.032274 -0.000491 -0.013320
v 0.001374 0.000373 -0.002105
v -0.031948 -0.003388 -0.014136
v 0.001748 -0.002948 -0.003041
v -0.030999 -0.006402 -0.016507
v -0.031126 -0.009856 -0.016191
v -0.031500 -0.013177 -0.015256
v -0.032107 -0.016237 -0.013737
v -0.032925 -0.018920 -0.011692
v -0.033921 -0.021122 -0.009202
v -0.035058 -0.022758 -0.006360
v -0.036292 -0.023765 -0.003277
v -0.037574 -0.024105 -0.000070
v -0.038857 -0.023765 0.003137
v -0.040091 -0.022758 0.006220
v -0.041227 -0.021122 0.009062
v -0.042224 -0.018920 0.011553
v -0.043042 -0.016237 0.013597
v -0.043649 -0.013177 0.015116
v -0.044023 -0.009856 0.016051
v -0.044150 -0.006402 0.016367
v -0.044023 -0.002948 0.016051
v -0.043649 0.000373 0.015116
v -0.043042 0.003433 0.013597
v -0.042224 0.006116 0.011553
v -0.041227 0.008318 0.009062
v -0.040091 0.009954 0.006220
v -0.038857 0.010961 0.003137
v -0.037574 0.011301 -0.000070
v -0.036292 0.010961 -0.003277
v -0.035058 0.009954 -0.006360
v -0.033921 0.008318 -0.009202
v -0.032925 0.006116 -0.011692
v -0.032107 0.003433 -0.013737
v -0.031500 0.000373 -0.015256
v -0.031126 -0.002948 -0.016191
v -0.029732 -0.006402 -0.013569
v -0.029842 -0.009415 -0.013294
v -0.030169 -0.012313 -0.012477
v -0.030699 -0.014984 -0.011152
v -0.031412 -0.017324 -0.009369
v -0.032281 -0.019245 -0.007195
v -0.033273 -0.020673 -0.004716
v -0.034350 -0.021552 -0.002025
v -0.035469 -0.021848 0.000772
v -0.036588 -0.021552 0.003570
v -0.037664 -0.020673 0.006261
v -0.038656 -0.019245 0.008740
v -0.039525 -0.017324 0.010914
v -0.040239 -0.014984 0.012697
v -0.040769 -0.012313 0.014022
v -0.041096 -0.009415 0.014839
v -0.041206 -0.006402 0.015114
v -0.041096 -0.003388 0.014839
v -0.040769 -0.000491 0.014022
v -0.040239 0.002180 0.012697
v -0.039525 0.004520 0.010914
v -0.038656 0.006441 0.008740
v -0.037664 0.007869 0.006261
v -0.036588 0.008748 0.003570
v -0.035469 0.009045 0.000772
v -0.034350 0.008748 -0.002025
v -0.033273 0.007869 -0.004716
v -0.032281 0.006441 -0.007195
v -0.031412 0.004520 -0.009369
v -0.030699 0.002180 -0.011152
v -0.030169 -0.000491 -0.012477
v -0.029842 -0.003388 -0.013294
v -0.015230 0.010084 -0.042231
v -0.023011 0.010084 -0.022781
v -0.014645 -0.004576 -0.041997
v -0.022426 -0.004576 -0.022547
v -0.019807 -0.015169 -0.021499
v -0.021563 -0.004495 -0.017467
v -0.024010 -0.004627 -0.023180
v -0.020442 -0.014834 -0.019941
v -0.020998 -0.013882 -0.018628
v -0.021378 -0.014885 -0.022128
v -0.022069 -0.014482 -0.020547
v -0.022440 -0.013707 -0.019445
v -0.023157 -0.013388 -0.020106
v -0.023000 -0.004546 -0.018402
v -0.023970 -0.004589 -0.019816
v -0.021392 -0.012456 -0.017759
v -0.022841 -0.012550 -0.018774
v -0.023633 -0.012498 -0.019923
v -0.023652 -0.012578 -0.023037
v -0.022728 -0.013975 -0.022668
v -0.024324 -0.004617 -0.021494
v -0.023917 -0.012608 -0.021286
v -0.023135 -0.013745 -0.021067
v -0.022148 0.010165 -0.017701
v -0.020638 0.014559 -0.021832
v -0.024595 0.010033 -0.023414
v -0.022071 0.011846 -0.018030
v -0.021757 0.013272 -0.018931
v -0.023585 0.010114 -0.018636
v -0.023522 0.011837 -0.019046
v -0.023186 0.012999 -0.019744
v -0.023884 0.012625 -0.020397
v -0.022190 0.014174 -0.022452
v -0.023487 0.013178 -0.022971
v -0.021254 0.014224 -0.020266
v -0.022858 0.013769 -0.020862
v -0.023881 0.012962 -0.021366
v -0.024909 0.010043 -0.021728
v -0.024555 0.010071 -0.020050
v -0.024331 0.011724 -0.023309
v -0.024598 0.011778 -0.021559
v -0.024310 0.011714 -0.020193
v -0.012027 -0.015169 -0.040950
v -0.016229 -0.004627 -0.042631
v -0.010517 -0.004495 -0.045080
v -0.013597 -0.014885 -0.041578
v -0.014948 -0.013975 -0.042118
v -0.011411 -0.014834 -0.042515
v -0.013007 -0.014482 -0.043199
v -0.014138 -0.013745 -0.043557
v -0.013492 -0.013388 -0.044269
v -0.015294 -0.004617 -0.044069
v -0.013880 -0.004589 -0.045039
v -0.015872 -0.012578 -0.042488
v -0.014855 -0.012608 -0.043938
v -0.013710 -0.012498 -0.044730
v -0.010594 -0.012456 -0.044751
v -0.010908 -0.013882 -0.043850
v -0.012202 -0.004546 -0.045394
v -0.012343 -0.012550 -0.045016
v -0.012517 -0.013707 -0.044253
v -0.012857 0.014559 -0.041282
v -0.011102 0.010165 -0.045314
v -0.016814 0.010033 -0.042865
v -0.012223 0.014224 -0.042840
v -0.011667 0.013272 -0.044154
v -0.014409 0.014174 -0.041903
v -0.013797 0.013769 -0.043515
v -0.013263 0.012999 -0.044551
v -0.014218 0.012625 -0.044560
v -0.012787 0.010114 -0.045628
v -0.014465 0.010071 -0.045273
v -0.011273 0.011846 -0.045022
v -0.013025 0.011837 -0.045288
v -0.014386 0.011714 -0.045001
v -0.016551 0.011724 -0.042759
v -0.015706 0.013178 -0.042422
v -0.015879 0.010043 -0.044303
v -0.015537 0.011778 -0.044211
v -0.014885 0.012962 -0.043856
v -0.000366 -0.014538 -0.013722
v 0.003591 -0.003733 -0.012139
v -0.002121 -0.003865 -0.009690
v 0.001186 -0.014153 -0.013101
v 0.002483 -0.013158 -0.012583
v -0.001000 -0.014204 -0.012164
v 0.000573 -0.013748 -0.011489
v 0.001661 -0.012941 -0.011148
v 0.000995 -0.012605 -0.010444
v 0.002656 -0.003743 -0.010702
v 0.001242 -0.003772 -0.009731
v 0.003327 -0.011704 -0.012245
v 0.002313 -0.011758 -0.010793
v 0.001163 -0.011694 -0.010004
v -0.001950 -0.011826 -0.009982
v -0.001556 -0.013251 -0.010851
v -0.000436 -0.003814 -0.009376
v -0.000199 -0.011816 -0.009716
v 0.000040 -0.012979 -0.010453
v -0.001197 0.015189 -0.014055
v -0.002706 0.010795 -0.009924
v 0.003006 0.010927 -0.012373
v -0.001812 0.014854 -0.012489
v -0.002315 0.013902 -0.011154
v 0.000374 0.014905 -0.013426
v -0.000216 0.014503 -0.011805
v -0.000707 0.013728 -0.010751
v 0.000268 0.013408 -0.010735
v -0.001021 0.010845 -0.009610
v 0.000657 0.010888 -0.009965
v -0.002629 0.012476 -0.010253
v -0.000880 0.012570 -0.009989
v 0.000486 0.012518 -0.010274
v 0.002648 0.012599 -0.012516
v 0.001724 0.013995 -0.012886
v 0.002071 0.010917 -0.010936
v 0.001632 0.012629 -0.011066
v 0.000915 0.013765 -0.011447
v 0.007415 -0.014538 -0.033173
v 0.008925 -0.003865 -0.037303
v 0.011372 -0.003733 -0.031590
v 0.008030 -0.014204 -0.034738
v 0.008533 -0.013251 -0.036073
v 0.008967 -0.014153 -0.032552
v 0.009635 -0.013748 -0.034142
v 0.009963 -0.012979 -0.035260
v 0.010661 -0.012605 -0.034608
v 0.010362 -0.003814 -0.036368
v 0.011331 -0.003772 -0.034954
v 0.008847 -0.011826 -0.036974
v 0.010299 -0.011816 -0.035958
v 0.011086 -0.011694 -0.034811
v 0.011108 -0.011704 -0.031695
v 0.010263 -0.013158 -0.032033
v 0.011686 -0.003743 -0.033276
v 0.011375 -0.011758 -0.033446
v 0.010658 -0.012941 -0.033638
v 0.006584 0.015189 -0.033505
v 0.010787 0.010927 -0.031824
v 0.008340 0.010795 -0.037537
v 0.008155 0.014905 -0.032877
v 0.009505 0.013995 -0.032337
v 0.007218 0.014854 -0.035063
v 0.008846 0.014503 -0.034458
v 0.009912 0.013765 -0.033937
v 0.009934 0.013408 -0.034898
v 0.011101 0.010917 -0.033510
v 0.010746 0.010888 -0.035188
v 0.010429 0.012599 -0.031967
v 0.010694 0.012629 -0.033718
v 0.010410 0.012518 -0.035082
v 0.008168 0.012476 -0.037245
v 0.007775 0.013902 -0.036377
v 0.009777 0.010845 -0.036602
v 0.009618 0.012570 -0.036231
v 0.009217 0.013728 -0.035559
v -0.043400 0.010084 0.028190
v -0.051181 0.010084 0.047640
v -0.042815 -0.010855 0.028424
v -0.050596 -0.010855 0.047874
v -0.047978 -0.015169 0.048922
v -0.049733 -0.010775 0.052954
v -0.052180 -0.010907 0.047240
v -0.048612 -0.014834 0.050480
v -0.049168 -0.013882 0.051793
v -0.049548 -0.014885 0.048293
v -0.050239 -0.014482 0.049874
v -0.050610 -0.013707 0.050975
v -0.051328 -0.013388 0.050315
v -0.051170 -0.010825 0.052019
v -0.052140 -0.010868 0.050605
v -0.049562 -0.012456 0.052662
v -0.051011 -0.012550 0.051647
v -0.051803 -0.012498 0.050498
v -0.051822 -0.012578 0.047383
v -0.050898 -0.013975 0.047753
v -0.052494 -0.010897 0.048927
v -0.052087 -0.012608 0.049135
v -0.051305 -0.013745 0.049353
v -0.050318 0.010165 0.052720
v -0.048808 0.014559 0.048589
v -0.052765 0.010033 0.047006
v -0.050241 0.011846 0.052390
v -0.049927 0.013272 0.051490
v -0.051755 0.010114 0.051785
v -0.051692 0.011837 0.051375
v -0.051357 0.012999 0.050677
v -0.052054 0.012625 0.050024
v -0.050360 0.014174 0.047968
v -0.051657 0.013178 0.047450
v -0.049424 0.014224 0.050155
v -0.051028 0.013769 0.049558
v -0.052051 0.012962 0.049055
v -0.053079 0.010043 0.048693
v -0.052725 0.010071 0.050370
v -0.052501 0.011724 0.047112
v -0.052768 0.011778 0.048862
v -0.052480 0.011714 0.050228
v -0.040197 -0.015169 0.029471
v -0.044399 -0.010907 0.027790
v -0.038687 -0.010775 0.025341
v -0.041768 -0.014885 0.028843
v -0.043118 -0.013975 0.028303
v -0.039581 -0.014834 0.027905
v -0.041177 -0.014482 0.027222
v -0.042308 -0.013745 0.026863
v -0.041662 -0.013388 0.026152
v -0.043464 -0.010897 0.026352
v -0.042050 -0.010868 0.025382
v -0.044042 -0.012578 0.027933
v -0.043025 -0.012608 0.026482
v -0.041880 -0.012498 0.025691
v -0.038764 -0.012456 0.025670
v -0.039078 -0.013882 0.026571
v -0.040373 -0.010825 0.025027
v -0.040513 -0.012550 0.025405
v -0.040687 -0.013707 0.026168
v -0.041028 0.014559 0.029139
v -0.039272 0.010165 0.025106
v -0.044984 0.010033 0.027556
v -0.040393 0.014224 0.027581
v -0.039837 0.013272 0.026267
v -0.042579 0.014174 0.028518
v -0.041967 0.013769 0.026906
v -0.041433 0.012999 0.025870
v -0.042388 0.012625 0.025861
v -0.040958 0.010114 0.024793
v -0.042635 0.010071 0.025148
v -0.039443 0.011846 0.025398
v -0.041195 0.011837 0.025133
v -0.042556 0.011714 0.025420
v -0.044721 0.011724 0.027661
v -0.043876 0.013178 0.027999
v -0.044049 0.010043 0.026118
v -0.043707 0.011778 0.026210
v -0.043055 0.012962 0.026565
v -0.028536 -0.014538 0.056699
v -0.024579 -0.010012 0.058281
v -0.030291 -0.010144 0.060731
v -0.026984 -0.014153 0.057319
v -0.025687 -0.013158 0.057838
v -0.029170 -0.014204 0.058257
v -0.027597 -0.013748 0.058932
v -0.026509 -0.012941 0.059273
v -0.027175 -0.012605 0.059977
v -0.025514 -0.010022 0.059719
v -0.026929 -0.010051 0.060690
v -0.024843 -0.011704 0.058176
v -0.025857 -0.011758 0.059628
v -0.027007 -0.011694 0.060417
v -0.030120 -0.011826 0.060439
v -0.029726 -0.013251 0.059570
v -0.028606 -0.010094 0.061045
v -0.028369 -0.011816 0.060705
v -0.028131 -0.012979 0.059968
v -0.029367 0.015189 0.056366
v -0.030877 0.010795 0.060497
v -0.025164 0.010927 0.058047
v -0.029982 0.014854 0.057932
v -0.030485 0.013902 0.059267
v -0.027796 0.014905 0.056995
v -0.028386 0.014503 0.058616
v -0.028877 0.013728 0.059669
v -0.027902 0.013408 0.059686
v -0.029191 0.010845 0.060811
v -0.027514 0.010888 0.060456
v -0.030799 0.012476 0.060168
v -0.029050 0.012570 0.060432
v -0.027684 0.012518 0.060147
v -0.025522 0.012599 0.057904
v -0.026446 0.013995 0.057535
v -0.026100 0.010917 0.059485
v -0.026538 0.012629 0.059355
v -0.027255 0.013765 0.058974
v -0.020755 -0.014538 0.037248
v -0.019245 -0.010144 0.033118
v -0.016798 -0.010012 0.038831
v -0.020140 -0.014204 0.035683
v -0.019637 -0.013251 0.034348
v -0.019204 -0.014153 0.037869
v -0.018535 -0.013748 0.036279
v -0.018207 -0.012979 0.035161
v -0.017509 -0.012605 0.035813
v -0.017809 -0.010094 0.034053
v -0.016839 -0.010051 0.035467
v -0.019323 -0.011826 0.033447
v -0.017871 -0.011816 0.034463
v -0.017084 -0.011694 0.035610
v -0.017062 -0.011704 0.038726
v -0.017907 -0.013158 0.038388
v -0.016484 -0.010022 0.037145
v -0.016795 -0.011758 0.036975
v -0.017512 -0.012941 0.036783
v -0.021586 0.015189 0.036916
v -0.017384 0.010927 0.038597
v -0.019830 0.010795 0.032884
v -0.020015 0.014905 0.037544
v -0.018665 0.013995 0.038084
v -0.020952 0.014854 0.035358
v -0.019325 0.014503 0.035963
v -0.018258 0.013765 0.036484
v -0.018236 0.013408 0.035523
v -0.017069 0.010917 0.036911
v -0.017424 0.010888 0.035233
v -0.017741 0.012599 0.038454
v -0.017477 0.012629 0.036703
v -0.017760 0.012518 0.035339
v -0.020002 0.012476 0.033175
v -0.020396 0.013902 0.034044
v -0.018394 0.010845 0.033819
v -0.018553 0.012570 0.034190
v -0.018953 0.013728 0.034862
v 0.047064 0.016518 0.086849
v 0.052421 0.016518 0.073458
v 0.046661 0.002101 0.086688
v 0.052018 0.002101 0.073297
v 0.050215 -0.000869 0.072575
v 0.051424 0.002156 0.069799
v 0.053109 0.002065 0.073733
v 0.050652 -0.000639 0.071503
v 0.051035 0.000017 0.070598
v 0.051296 -0.000673 0.073008
v 0.051772 -0.000396 0.071920
v 0.052028 0.000137 0.071161
v 0.052522 0.000357 0.071616
v 0.052413 0.002122 0.070443
v 0.053081 0.002092 0.071417
v 0.051306 0.000999 0.070000
v 0.052304 0.000934 0.070699
v 0.052849 0.000970 0.071490
v 0.052862 0.000915 0.073634
v 0.052226 -0.000047 0.073380
v 0.053325 0.002072 0.072572
v 0.053044 0.000894 0.072428
v 0.052506 0.000111 0.072278
v 0.051827 0.016573 0.069960
v 0.050787 0.019599 0.072804
v 0.053511 0.016482 0.073894
v 0.051773 0.017731 0.070187
v 0.051557 0.018712 0.070807
v 0.052816 0.016538 0.070604
v 0.052773 0.017724 0.070886
v 0.052542 0.018525 0.071367
v 0.053022 0.018267 0.071816
v 0.051855 0.019333 0.073232
v 0.052748 0.018648 0.073589
v 0.051211 0.019368 0.071726
v 0.052316 0.019055 0.072137
v 0.053020 0.018499 0.072484
v 0.053728 0.016489 0.072733
v 0.053483 0.016509 0.071578
v 0.053330 0.017647 0.073821
v 0.053514 0.017684 0.072616
v 0.053315 0.017640 0.071676
v 0.044858 -0.000869 0.085967
v 0.047752 0.002065 0.087124
v 0.043819 0.002156 0.088811
v 0.045939 -0.000673 0.086400
v 0.046869 -0.000047 0.086771
v 0.044434 -0.000639 0.087045
v 0.045533 -0.000396 0.087516
v 0.046312 0.000111 0.087762
v 0.045867 0.000357 0.088252
v 0.047108 0.002072 0.088114
v 0.046134 0.002092 0.088782
v 0.047505 0.000915 0.087026
v 0.046806 0.000894 0.088025
v 0.046017 0.000970 0.088570
v 0.043872 0.000999 0.088584
v 0.044088 0.000017 0.087964
v 0.044979 0.002122 0.089027
v 0.045076 0.000934 0.088766
v 0.045195 0.000137 0.088241
v 0.045430 0.019599 0.086196
v 0.044221 0.016573 0.088972
v 0.048154 0.016482 0.087286
v 0.044993 0.019368 0.087269
v 0.044610 0.018712 0.088173
v 0.046498 0.019333 0.086623
v 0.046077 0.019055 0.087733
v 0.045709 0.018525 0.088447
v 0.046367 0.018267 0.088453
v 0.045382 0.016538 0.089188
v 0.046537 0.016509 0.088944
v 0.044339 0.017731 0.088771
v 0.045545 0.017724 0.088954
v 0.046483 0.017640 0.088756
v 0.047973 0.017647 0.087213
v 0.047391 0.018648 0.086980
v 0.047510 0.016489 0.088275
v 0.047275 0.017684 0.088212
v 0.046826 0.018499 0.087968
v 0.036830 -0.000435 0.067221
v 0.034105 0.002681 0.066131
v 0.038038 0.002590 0.064445
v 0.035761 -0.000170 0.066793
v 0.034868 0.000515 0.066436
v 0.037266 -0.000205 0.066148
v 0.036183 0.000109 0.065683
v 0.035434 0.000665 0.065449
v 0.035893 0.000896 0.064964
v 0.034749 0.002674 0.065141
v 0.035723 0.002655 0.064473
v 0.034287 0.001517 0.066204
v 0.034985 0.001479 0.065204
v 0.035777 0.001524 0.064661
v 0.037920 0.001433 0.064646
v 0.037649 0.000451 0.065244
v 0.036878 0.002625 0.064228
v 0.036714 0.001439 0.064463
v 0.036550 0.000639 0.064970
v 0.037401 0.020032 0.067450
v 0.038441 0.017007 0.064606
v 0.034508 0.017098 0.066292
v 0.037825 0.019802 0.066372
v 0.038172 0.019146 0.065453
v 0.036320 0.019837 0.067017
v 0.036726 0.019560 0.065901
v 0.037064 0.019026 0.065175
v 0.036393 0.018806 0.065164
v 0.037281 0.017042 0.064390
v 0.036126 0.017071 0.064634
v 0.038388 0.018165 0.064833
v 0.037183 0.018230 0.064650
v 0.036243 0.018193 0.064847
v 0.034754 0.018249 0.066391
v 0.035390 0.019211 0.066645
v 0.035152 0.017091 0.065302
v 0.035454 0.018270 0.065392
v 0.035948 0.019052 0.065654
v 0.031473 -0.000435 0.080612
v 0.030433 0.002590 0.083456
v 0.028748 0.002681 0.079523
v 0.031049 -0.000205 0.081690
v 0.030702 0.000451 0.082609
v 0.030404 -0.000170 0.080185
v 0.029944 0.000109 0.081280
v 0.029718 0.000639 0.082050
v 0.029238 0.000896 0.081600
v 0.029444 0.002625 0.082813
v 0.028776 0.002655 0.081839
v 0.030486 0.001433 0.083230
v 0.029487 0.001439 0.082530
v 0.028945 0.001524 0.081740
v 0.028930 0.001517 0.079595
v 0.029511 0.000515 0.079828
v 0.028532 0.002674 0.080684
v 0.028746 0.001479 0.080801
v 0.029240 0.000665 0.080933
v 0.032044 0.020032 0.080841
v 0.029151 0.017098 0.079684
v 0.030836 0.017007 0.083618
v 0.030963 0.019837 0.080409
v 0.030034 0.019211 0.080037
v 0.031608 0.019802 0.081914
v 0.030487 0.019560 0.081497
v 0.029753 0.019052 0.081139
v 0.029738 0.018806 0.081801
v 0.028935 0.017091 0.080845
v 0.029179 0.017071 0.082000
v 0.029397 0.018249 0.079782
v 0.029215 0.018270 0.080988
v 0.029410 0.018193 0.081927
v 0.030954 0.018165 0.083417
v 0.031225 0.019146 0.082818
v 0.029846 0.017042 0.082974
v 0.029956 0.018230 0.082718
v 0.030232 0.019026 0.082255
v -0.031288 0.004843 -0.001510
v -0.031288 0.023064 -0.001510
v -0.030380 0.004843 -0.003780
v -0.030380 0.023064 -0.003780
v -0.016038 0.004843 0.004590
v -0.016038 0.023064 0.004590
v -0.015129 0.004843 0.002320
v -0.015129 0.023064 0.002320
v -0.032191 0.004843 0.000748
v -0.032191 0.023064 0.000748
v -0.031283 0.004843 -0.001522
v -0.031283 0.023064 -0.001522
v -0.016941 0.004843 0.006849
v -0.016941 0.023064 0.006849
v -0.016033 0.004843 0.004579
v -0.016033 0.023064 0.004579
v -0.033095 0.004843 0.003007
v -0.033095 0.023064 0.003007
v -0.032187 0.004843 0.000737
v -0.032187 0.023064 0.000737
v -0.017844 0.004843 0.009107
v -0.017844 0.023064 0.009107
v -0.016936 0.004843 0.006837
v -0.016936 0.023064 0.006837
v -0.034005 0.004843 0.005283
v -0.034005 0.023064 0.005283
v -0.033097 0.004843 0.003013
v -0.033097 0.023064 0.003013
v -0.018755 0.004843 0.011384
v -0.018755 0.023064 0.011384
v -0.017847 0.004843 0.009114
v -0.017847 0.023064 0.009114
v -0.034833 0.004843 0.007351
v -0.034833 0.023064 0.007351
v -0.033925 0.004843 0.005081
v -0.033925 0.023064 0.005081
v -0.019582 0.004843 0.013452
v -0.019582 0.023064 0.013452
v -0.018674 0.004843 0.011182
v -0.018674 0.023064 0.011182
vn -0.0000 -1.0000 -0.0000
vn 0.4646 0.5237 -0.7140
vn 0.3164 0.5237 -0.7909
vn 0.2377 0.9000 -0.3653
vn 0.1619 0.9000 -0.4046
vn 0.1235 0.9431 -0.3087
vn 0.1813 0.9431 -0.2787
vn 0.0530 0.9898 -0.1325
vn 0.0778 0.9898 -0.1196
vn 0.0127 0.9994 -0.0317
vn 0.0186 0.9994 -0.0286
vn 0.5950 0.5237 -0.6097
vn 0.3044 0.9000 -0.3119
vn 0.2322 0.9431 -0.2379
vn 0.0997 0.9898 -0.1021
vn 0.0238 0.9994 -0.0244
vn 0.7025 0.5237 -0.4819
vn 0.3594 0.9000 -0.2465
vn 0.2742 0.9431 -0.1881
vn 0.1177 0.9898 -0.0807
vn 0.0281 0.9994 -0.0193
vn 0.7830 0.5237 -0.3356
vn 0.4006 0.9000 -0.1717
vn 0.3056 0.9431 -0.1310
vn 0.1312 0.9898 -0.0562
vn 0.0314 0.9994 -0.0134
vn 0.8334 0.5237 -0.1764
vn 0.4264 0.9000 -0.0902
vn 0.3253 0.9431 -0.0688
vn 0.1396 0.9898 -0.0295
vn 0.0334 0.9994 -0.0071
vn 0.8518 0.5237 -0.0104
vn 0.4358 0.9000 -0.0053
vn 0.3324 0.9431 -0.0040
vn 0.1427 0.9898 -0.0017
vn 0.0341 0.9994 -0.0004
vn 0.8375 0.5237 0.1560
vn 0.4284 0.9000 0.0798
vn 0.3268 0.9431 0.0609
vn 0.1403 0.9898 0.0261
vn 0.0336 0.9994 0.0063
vn 0.7909 0.5237 0.3164
vn 0.4046 0.9000 0.1619
vn 0.3087 0.9431 0.1235
vn 0.1325 0.9898 0.0530
vn 0.0317 0.9994 0.0127
vn 0.7140 0.5237 0.4646
vn 0.3653 0.9000 0.2377
vn 0.2787 0.9431 0.1813
vn 0.1196 0.9898 0.0778
vn 0.0286 0.9994 0.0186
vn 0.6097 0.5237 0.5950
vn 0.3119 0.9000 0.3044
vn 0.2379 0.9431 0.2322
vn 0.1021 0.9898 0.0997
vn 0.0244 0.9994 0.0238
vn 0.4819 0.5237 0.7025
vn 0.2465 0.9000 0.3594
vn 0.1881 0.9431 0.2742
vn 0.0807 0.9898 0.1177
vn 0.0193 0.9994 0.0281
vn 0.3356 0.5237 0.7830
vn 0.1717 0.9000 0.4006
vn 0.1310 0.9431 0.3056
vn 0.0562 0.9898 0.1312
vn 0.0134 0.9994 0.0314
vn 0.1763 0.5237 0.8334
vn 0.0902 0.9000 0.4264
vn 0.0688 0.9431 0.3253
vn 0.0295 0.9898 0.1396
vn 0.0071 0.9994 0.0334
vn 0.0104 0.5237 0.8518
vn 0.0053 0.9000 0.4358
vn 0.0040 0.9431 0.3324
vn 0.0017 0.9898 0.1427
vn 0.0004 0.9994 0.0341
vn -0.1560 0.5237 0.8375
vn -0.0798 0.9000 0.4284
vn -0.0609 0.9431 0.3268
vn -0.0261 0.9898 0.1403
vn -0.0063 0.9994 0.0336
vn -0.3164 0.5237 0.7909
vn -0.1619 0.9000 0.4046
vn -0.1235 0.9431 0.3087
vn -0.0530 0.9898 0.1325
vn -0.0127 0.9994 0.0317
vn -0.4646 0.5237 0.7140
vn -0.2377 0.9000 0.3653
vn -0.1813 0.9431 0.2787
vn -0.0778 0.9898 0.1196
vn -0.0186 0.9994 0.0286
vn -0.5950 0.5237 0.6097
vn -0.3044 0.9000 0.3119
vn -0.2322 0.9431 0.2379
vn -0.0997 0.9898 0.1021
vn -0.0238 0.9994 0.0244
vn -0.7025 0.5237 0.4819
vn -0.3594 0.9000 0.2465
vn -0.2742 0.9431 0.1881
vn -0.1177 0.9898 0.0807
vn -0.0281 0.9994 0.0193
vn -0.7830 0.5237 0.3356
vn -0.4006 0.9000 0.1717
vn -0.3056 0.9431 0.1310
vn -0.1312 0.9898 0.0562
vn -0.0314 0.9994 0.0134
vn -0.8334 0.5237 0.1764
vn -0.4264 0.9000 0.0902
vn -0.3253 0.9431 0.0688
vn -0.1396 0.9898 0.0295
vn -0.0334 0.9994 0.0071
vn -0.8518 0.5237 0.0104
vn -0.4358 0.9000 0.0053
vn -0.3324 0.9431 0.0040
vn -0.1427 0.9898 0.0017
vn -0.0341 0.9994 0.0004
vn -0.8375 0.5237 -0.1560
vn -0.4284 0.9000 -0.0798
vn -0.3268 0.9431 -0.0609
vn -0.1403 0.9898 -0.0261
vn -0.0336 0.9994 -0.0063
vn -0.7909 0.5237 -0.3164
vn -0.4046 0.9000 -0.1619
vn -0.3087 0.9431 -0.1235
vn -0.1325 0.9898 -0.0530
vn -0.0317 0.9994 -0.0127
vn -0.7140 0.5237 -0.4646
vn -0.3653 0.9000 -0.2377
vn -0.2787 0.9431 -0.1813
vn -0.1196 0.9898 -0.0778
vn -0.0286 0.9994 -0.0186
vn -0.6097 0.5237 -0.5950
vn -0.3119 0.9000 -0.3044
vn -0.2379 0.9431 -0.2322
vn -0.1021 0.9898 -0.0997
vn -0.0244 0.9994 -0.0238
vn -0.4819 0.5237 -0.7025
vn -0.2465 0.9000 -0.3594
vn -0.1881 0.9431 -0.2742
vn -0.0807 0.9898 -0.1177
vn -0.0193 0.9994 -0.0281
vn -0.3356 0.5237 -0.7830
vn -0.1717 0.9000 -0.4006
vn -0.1310 0.9431 -0.3056
vn -0.0562 0.9898 -0.1312
vn -0.0134 0.9994 -0.0314
vn -0.1764 0.5237 -0.8334
vn -0.0902 0.9000 -0.4264
vn -0.0688 0.9431 -0.3253
vn -0.0295 0.9898 -0.1396
vn -0.0071 0.9994 -0.0334
vn -0.0104 0.5237 -0.8518
vn -0.0053 0.9000 -0.4358
vn -0.0040 0.9431 -0.3324
vn -0.0017 0.9898 -0.1427
vn -0.0004 0.9994 -0.0341
vn 0.1560 0.5237 -0.8375
vn 0.0798 0.9000 -0.4284
vn 0.0609 0.9431 -0.3268
vn 0.0261 0.9898 -0.1403
vn 0.0063 0.9994 -0.0336
vn 0.3714 -0.0000 -0.9285
vn 0.5454 -0.0000 -0.8382
vn 0.1831 -0.0000 -0.9831
vn 0.6984 -0.0000 -0.7157
vn 0.8246 -0.0000 -0.5656
vn 0.9192 -0.0000 -0.3939
vn 0.9783 -0.0000 -0.2070
vn 0.9999 -0.0000 -0.0122
vn 0.9831 -0.0000 0.1831
vn 0.9285 -0.0000 0.3714
vn 0.8382 -0.0000 0.5454
vn 0.7157 -0.0000 0.6984
vn 0.5656 -0.0000 0.8246
vn 0.3939 -0.0000 0.9192
vn 0.2070 -0.0000 0.9783
vn 0.0122 -0.0000 0.9999
vn -0.1831 -0.0000 0.9831
vn -0.3714 -0.0000 0.9285
vn -0.5454 -0.0000 0.8382
vn -0.6984 -0.0000 0.7157
vn -0.8246 -0.0000 0.5656
vn -0.9192 -0.0000 0.3939
vn -0.9783 -0.0000 0.2070
vn -0.9999 -0.0000 0.0122
vn -0.9831 -0.0000 -0.1831
vn -0.9285 -0.0000 -0.3714
vn -0.8382 -0.0000 -0.5454
vn -0.7157 -0.0000 -0.6984
vn -0.5656 -0.0000 -0.8246
vn -0.3939 -0.0000 -0.9192
vn -0.2070 -0.0000 -0.9783
vn -0.0122 -0.0000 -0.9999
vn 0.7559 0.5806 0.3024
vn 0.7670 0.5645 0.3051
vn 0.9286 0.0036 0.3711
vn 0.7582 0.5773 0.3030
vn 0.7347 0.6189 0.2778
vn 0.7605 0.5739 0.3036
vn 0.6649 0.7127 0.2236
vn -0.9267 0.0617 -0.3707
vn -0.8893 0.2875 -0.3557
vn -0.7945 0.5174 -0.3178
vn -0.6653 0.6975 -0.2661
vn -0.5379 0.8151 -0.2152
vn -0.4867 0.8516 -0.1947
vn 0.3675 0.1201 -0.9222
vn 0.3328 0.4429 -0.8325
vn 0.3665 0.1158 -0.9232
vn 0.9672 0.1613 0.1963
vn 0.9424 0.0992 0.3195
vn 0.9342 0.0785 0.3480
vn 0.9309 0.0692 0.3586
vn 0.9290 0.0686 0.3637
vn -0.0301 0.9969 0.0732
vn -0.0294 0.9969 0.0734
vn -0.1185 0.9477 0.2963
vn -0.1200 0.9474 0.2967
vn -0.2344 0.7757 0.5860
vn -0.2363 0.7742 0.5872
vn -0.3309 0.4543 0.8271
vn -0.3324 0.4508 0.8284
vn -0.3686 0.1232 0.9214
vn -0.3689 0.1208 0.9216
vn -0.0300 0.9969 0.0730
vn -0.1199 0.9475 0.2964
vn -0.2362 0.7745 0.5869
vn -0.3323 0.4513 0.8282
vn -0.3689 0.1211 0.9215
vn 0.0294 0.9969 -0.0735
vn 0.0294 0.9969 -0.0736
vn 0.1191 0.9472 -0.2977
vn 0.1185 0.9477 -0.2963
vn 0.2354 0.7735 -0.5884
vn 0.2344 0.7757 -0.5860
vn 0.3309 0.4543 -0.8271
vn 0.3686 0.1232 -0.9214
vn -0.0293 0.9969 0.0732
vn -0.1187 0.9475 0.2968
vn -0.2323 0.7802 0.5808
vn -0.3274 0.4723 0.8184
vn -0.3681 0.1329 0.9202
vn 0.0001 1.0000 -0.0002
vn -0.0003 1.0000 -0.0003
vn -0.9281 -0.0294 -0.3712
vn -0.0000 1.0000 -0.0000
vn -0.0007 1.0000 -0.0004
vn 0.9289 0.0693 0.3638
vn 0.0294 -0.9969 -0.0735
vn -0.0288 -0.9967 -0.0765
vn -0.0976 -0.9597 -0.2635
vn 0.1189 -0.9474 -0.2971
vn 0.2601 -0.7137 -0.6503
vn 0.2350 -0.7743 -0.5875
vn 0.3436 -0.3799 -0.8588
vn 0.3315 -0.4511 -0.8286
vn 0.3694 -0.1034 -0.9235
vn 0.3687 -0.1210 -0.9216
vn -0.0294 -0.9969 0.0735
vn -0.1189 -0.9474 0.2971
vn -0.2350 -0.7743 0.5875
vn -0.3315 -0.4511 0.8286
vn -0.3687 -0.1210 0.9216
vn -0.3687 -0.1210 0.9217
vn -0.0736 -0.9967 0.0355
vn -0.2524 -0.9597 0.1235
vn -0.2601 -0.7137 0.6503
vn -0.3436 -0.3799 0.8588
vn -0.3694 -0.1034 0.9235
vn 0.3686 -0.1221 -0.9215
vn -0.5981 -0.7649 -0.2392
vn -0.8173 -0.4745 -0.3269
vn -0.9090 -0.2038 -0.3636
vn -0.9090 -0.2039 -0.3636
vn 0.9287 0.0071 0.3708
vn -0.9246 -0.0914 -0.3699
vn -0.1173 0.9920 -0.0469
vn 0.1173 -0.9920 0.0469
vn 0.9183 -0.1224 0.3764
vn 0.7267 -0.6768 -0.1179
vn 0.1205 0.9801 -0.1578
vn 0.1228 0.9800 -0.1567
vn 0.1953 0.9727 -0.1253
vn 0.1899 0.9735 -0.1276
vn 0.2801 0.9560 -0.0876
vn 0.2737 0.9575 -0.0907
vn 0.3723 0.9272 -0.0417
vn 0.3625 0.9308 -0.0468
vn 0.6245 0.7621 0.1708
vn 0.4805 0.8752 0.0558
vn 0.0954 0.9808 -0.1699
vn 0.7777 0.5482 0.3077
vn 0.0550 -0.9981 0.0262
vn 0.3714 -0.0001 -0.9285
vn 0.3643 -0.1951 -0.9106
vn 0.3431 -0.3827 -0.8578
vn 0.3088 -0.5556 -0.7720
vn 0.2626 -0.7071 -0.6565
vn 0.2063 -0.8315 -0.5158
vn 0.1421 -0.9239 -0.3553
vn 0.0725 -0.9808 -0.1811
vn -0.0725 -0.9808 0.1811
vn -0.1421 -0.9239 0.3553
vn -0.2063 -0.8315 0.5158
vn -0.2626 -0.7071 0.6565
vn -0.3088 -0.5556 0.7720
vn -0.3431 -0.3827 0.8578
vn -0.3643 -0.1951 0.9106
vn -0.3643 0.1951 0.9106
vn -0.3431 0.3827 0.8578
vn -0.3088 0.5556 0.7720
vn -0.2626 0.7071 0.6565
vn -0.2063 0.8315 0.5158
vn -0.1421 0.9239 0.3553
vn -0.0725 0.9808 0.1811
vn 0.0725 0.9808 -0.1811
vn 0.1421 0.9239 -0.3553
vn 0.2063 0.8315 -0.5158
vn 0.2626 0.7071 -0.6565
vn 0.3088 0.5556 -0.7720
vn 0.3431 0.3827 -0.8578
vn 0.3643 0.1951 -0.9106
vn 0.0279 -0.9995 0.0112
vn -0.9276 -0.0429 -0.3711
vn -0.1028 -0.9924 0.0670
vn -0.2062 -0.9226 0.3259
vn -0.4535 -0.8651 0.2142
vn -0.3627 -0.9311 -0.0394
vn -0.3272 -0.7066 0.6275
vn -0.5395 -0.6761 0.5018
vn -0.7241 -0.6861 0.0709
vn -0.6679 -0.7250 -0.1682
vn -0.7341 -0.5945 0.3282
vn -0.4624 -0.0242 0.8863
vn -0.6981 -0.0307 0.7153
vn -0.6654 -0.3022 0.6826
vn -0.4688 -0.0443 0.8822
vn -0.9177 -0.0373 0.3956
vn -0.8824 -0.2735 0.3830
vn -0.3723 -0.5576 0.7420
vn -0.9693 -0.0473 -0.2411
vn -0.9618 -0.0499 -0.2692
vn -0.9499 -0.3118 0.0207
vn -0.9989 -0.0441 0.0161
vn -0.7844 -0.5798 -0.2203
vn -0.4640 0.0967 0.8806
vn -0.4434 0.3761 0.8136
vn -0.6685 0.3561 0.6529
vn -0.6970 0.0842 0.7121
vn -0.3665 0.7010 0.6118
vn -0.5767 0.6559 0.4869
vn -0.8752 0.3145 0.3675
vn -0.9180 0.0661 0.3910
vn -0.7664 0.5597 0.3153
vn -0.1581 0.9864 0.0449
vn -0.4141 0.9083 -0.0599
vn -0.5012 0.8430 0.1951
vn -0.2576 0.9167 0.3054
vn -0.7073 0.6826 -0.1839
vn -0.7613 0.6460 0.0560
vn -0.9651 0.1002 -0.2417
vn -0.9979 0.0645 0.0092
vn -0.9397 0.3415 0.0198
vn -0.9009 0.3514 -0.2547
vn -0.0282 -0.9924 -0.1194
vn -0.2898 -0.9311 -0.2216
vn -0.1806 -0.8651 -0.4679
vn 0.0755 -0.9226 -0.3782
vn -0.5996 -0.7250 -0.3389
vn -0.4754 -0.6861 -0.5507
vn -0.0446 -0.6761 -0.7355
vn 0.1959 -0.7066 -0.6800
vn -0.3053 -0.5945 -0.7439
vn -0.8682 -0.0473 -0.4939
vn -0.7122 -0.0441 -0.7006
vn -0.6736 -0.3118 -0.6702
vn -0.8821 -0.0499 -0.4684
vn -0.3917 -0.0373 -0.9193
vn -0.3748 -0.2735 -0.8859
vn -0.7199 -0.5798 -0.3815
vn 0.2765 -0.0242 -0.9607
vn 0.2690 -0.0443 -0.9621
vn -0.0111 -0.3022 -0.9532
vn -0.0122 -0.0307 -0.9995
vn 0.2422 -0.5576 -0.7940
vn -0.0835 0.9864 -0.1415
vn 0.0241 0.9167 -0.3988
vn -0.2283 0.8430 -0.4870
vn -0.3412 0.9083 -0.2422
vn 0.1565 0.7010 -0.6957
vn -0.0818 0.6559 -0.7504
vn -0.5127 0.6460 -0.5656
vn -0.6390 0.6826 -0.3546
vn -0.3375 0.5597 -0.7568
vn 0.2713 0.0967 -0.9576
vn -0.0136 0.0842 -0.9964
vn -0.0338 0.3561 -0.9338
vn 0.2401 0.3761 -0.8949
vn -0.3951 0.0661 -0.9163
vn -0.3802 0.3145 -0.8698
vn -0.8656 0.1002 -0.4906
vn -0.8280 0.3514 -0.4369
vn -0.6668 0.3415 -0.6624
vn -0.7162 0.0645 -0.6949
vn 0.0835 -0.9864 0.1415
vn 0.3412 -0.9083 0.2422
vn 0.2283 -0.8430 0.4870
vn -0.0241 -0.9167 0.3988
vn 0.6390 -0.6826 0.3546
vn 0.5127 -0.6460 0.5656
vn 0.0818 -0.6559 0.7504
vn -0.1565 -0.7010 0.6957
vn 0.3375 -0.5597 0.7568
vn 0.8858 0.0029 0.4640
vn 0.7143 0.0016 0.6998
vn 0.6847 -0.2791 0.6733
vn 0.8473 -0.2861 0.4474
vn 0.3956 -0.0023 0.9184
vn 0.3855 -0.2492 0.8884
vn -0.2730 -0.0193 0.9618
vn -0.2696 -0.0429 0.9620
vn 0.0249 -0.2885 0.9571
vn 0.0175 -0.0117 0.9998
vn -0.2111 -0.5524 0.8064
vn 0.0282 0.9924 0.1194
vn -0.0755 0.9226 0.3782
vn 0.1806 0.8651 0.4679
vn 0.2898 0.9311 0.2216
vn -0.1959 0.7066 0.6800
vn 0.0446 0.6761 0.7355
vn 0.4754 0.6861 0.5507
vn 0.5996 0.7250 0.3389
vn 0.3053 0.5945 0.7439
vn -0.2777 0.1040 0.9550
vn 0.0066 0.1119 0.9937
vn 0.0133 0.3782 0.9256
vn -0.2612 0.3820 0.8865
vn 0.3885 0.1176 0.9139
vn 0.3615 0.3546 0.8623
vn 0.8778 0.1365 0.4592
vn 0.8068 0.4067 0.4285
vn 0.6463 0.3929 0.6542
vn 0.7095 0.1317 0.6923
vn 0.1581 -0.9864 -0.0449
vn 0.2576 -0.9167 -0.3054
vn 0.5012 -0.8430 -0.1951
vn 0.4141 -0.9083 0.0599
vn 0.3665 -0.7010 -0.6118
vn 0.5767 -0.6559 -0.4869
vn 0.7613 -0.6460 -0.0560
vn 0.7073 -0.6826 0.1839
vn 0.7664 -0.5597 -0.3153
vn 0.4657 -0.0193 -0.8847
vn 0.7022 -0.0117 -0.7118
vn 0.6782 -0.2885 -0.6759
vn 0.4683 -0.0429 -0.8825
vn 0.9199 -0.0023 -0.3922
vn 0.8919 -0.2492 -0.3775
vn 0.4033 -0.5524 -0.7296
vn 0.9614 0.0029 0.2750
vn 0.9221 -0.2861 0.2604
vn 0.9601 -0.2791 -0.0154
vn 0.9999 0.0016 -0.0141
vn 0.1028 0.9924 -0.0670
vn 0.3627 0.9311 0.0394
vn 0.4535 0.8651 -0.2142
vn 0.2062 0.9226 -0.3259
vn 0.6679 0.7250 0.1682
vn 0.7241 0.6861 -0.0709
vn 0.5395 0.6761 -0.5018
vn 0.3272 0.7066 -0.6275
vn 0.7341 0.5945 -0.3282
vn 0.9523 0.1365 0.2729
vn 0.9912 0.1317 -0.0120
vn 0.9192 0.3929 -0.0280
vn 0.8797 0.4067 0.2462
vn 0.9117 0.1176 -0.3938
vn 0.8565 0.3546 -0.3750
vn 0.4576 0.1040 -0.8831
vn 0.4222 0.3820 -0.8221
vn 0.6480 0.3782 -0.6611
vn 0.6901 0.1119 -0.7150
vn -0.0279 0.9995 -0.0112
vn -0.9280 -0.0301 -0.3712
vn -0.4580 -0.1034 0.8829
vn -0.6909 -0.1095 0.7146
vn -0.6480 -0.3782 0.6611
vn -0.4222 -0.3820 0.8221
vn -0.9124 -0.1131 0.3934
vn -0.8565 -0.3546 0.3750
vn -0.9573 -0.1634 -0.2386
vn -0.8797 -0.4067 -0.2462
vn -0.9192 -0.3929 0.0280
vn -0.9920 -0.1258 0.0116
vn -0.4636 0.0973 0.8807
vn -0.6964 0.0867 0.7124
vn -0.9175 0.0707 0.3913
vn -0.9647 0.1044 -0.2416
vn -0.9975 0.0704 0.0094
vn -0.3052 -0.5945 -0.7439
vn -0.8577 -0.1634 -0.4874
vn -0.7103 -0.1258 -0.6926
vn -0.6463 -0.3929 -0.6542
vn -0.8068 -0.4067 -0.4285
vn -0.3894 -0.1131 -0.9141
vn -0.3615 -0.3546 -0.8623
vn 0.2773 -0.1034 -0.9552
vn 0.2612 -0.3820 -0.8865
vn -0.0133 -0.3782 -0.9256
vn -0.0075 -0.1095 -0.9940
vn 0.2717 0.0973 -0.9575
vn -0.0129 0.0867 -0.9962
vn -0.3945 0.0707 -0.9162
vn -0.8652 0.1044 -0.4904
vn -0.7158 0.0704 -0.6948
vn 0.8842 -0.0706 0.4618
vn 0.7158 -0.0704 0.6948
vn 0.6668 -0.3415 0.6624
vn 0.8280 -0.3514 0.4369
vn 0.3945 -0.0707 0.9162
vn 0.3802 -0.3145 0.8698
vn -0.2717 -0.0973 0.9575
vn -0.2401 -0.3761 0.8949
vn 0.0338 -0.3561 0.9338
vn 0.0129 -0.0867 0.9962
vn -0.2773 0.1034 0.9552
vn 0.0075 0.1095 0.9940
vn 0.3894 0.1131 0.9141
vn 0.8786 0.1301 0.4596
vn 0.7103 0.1258 0.6926
vn 0.4636 -0.0973 -0.8807
vn 0.6964 -0.0867 -0.7124
vn 0.6685 -0.3561 -0.6529
vn 0.4434 -0.3761 -0.8136
vn 0.9175 -0.0707 -0.3913
vn 0.8752 -0.3145 -0.3675
vn 0.9587 -0.0706 0.2754
vn 0.9009 -0.3514 0.2547
vn 0.9397 -0.3415 -0.0198
vn 0.9975 -0.0704 -0.0094
vn 0.9531 0.1301 0.2732
vn 0.9920 0.1258 -0.0116
vn 0.9124 0.1131 -0.3934
vn 0.4580 0.1034 -0.8829
vn 0.6909 0.1095 -0.7146
vn -0.0279 -0.9995 -0.0112
vn 0.9280 -0.0301 0.3712
vn 0.1028 -0.9924 -0.0670
vn 0.2062 -0.9226 -0.3259
vn 0.4535 -0.8651 -0.2142
vn 0.3627 -0.9311 0.0394
vn 0.3272 -0.7066 -0.6275
vn 0.5395 -0.6761 -0.5018
vn 0.7241 -0.6861 -0.0709
vn 0.6679 -0.7250 0.1682
vn 0.7341 -0.5945 -0.3282
vn 0.4580 -0.1034 -0.8829
vn 0.6909 -0.1095 -0.7146
vn 0.6480 -0.3782 -0.6611
vn 0.4222 -0.3820 -0.8221
vn 0.9124 -0.1131 -0.3934
vn 0.8565 -0.3546 -0.3750
vn 0.9573 -0.1634 0.2386
vn 0.8797 -0.4067 0.2462
vn 0.9192 -0.3929 -0.0280
vn 0.9920 -0.1258 -0.0116
vn 0.4636 0.0973 -0.8807
vn 0.4434 0.3761 -0.8136
vn 0.6685 0.3561 -0.6529
vn 0.6964 0.0867 -0.7124
vn 0.3665 0.7010 -0.6118
vn 0.5767 0.6559 -0.4869
vn 0.8752 0.3145 -0.3676
vn 0.9175 0.0707 -0.3913
vn 0.7664 0.5597 -0.3153
vn 0.1581 0.9864 -0.0449
vn 0.4141 0.9083 0.0599
vn 0.5012 0.8430 -0.1951
vn 0.2576 0.9167 -0.3054
vn 0.7073 0.6826 0.1839
vn 0.7613 0.6460 -0.0560
vn 0.9647 0.1044 0.2416
vn 0.9975 0.0704 -0.0094
vn 0.9397 0.3415 -0.0198
vn 0.9009 0.3514 0.2547
vn 0.0282 -0.9924 0.1194
vn 0.2898 -0.9311 0.2216
vn 0.1806 -0.8651 0.4679
vn -0.0755 -0.9226 0.3782
vn 0.5996 -0.7250 0.3389
vn 0.4754 -0.6861 0.5507
vn 0.0446 -0.6761 0.7355
vn -0.1959 -0.7066 0.6800
vn 0.3052 -0.5945 0.7439
vn 0.8577 -0.1634 0.4874
vn 0.7103 -0.1258 0.6926
vn 0.6463 -0.3929 0.6542
vn 0.8069 -0.4067 0.4285
vn 0.3894 -0.1131 0.9141
vn 0.3615 -0.3546 0.8623
vn -0.2773 -0.1034 0.9552
vn -0.2612 -0.3820 0.8865
vn 0.0133 -0.3782 0.9256
vn 0.0075 -0.1095 0.9940
vn 0.0835 0.9864 0.1415
vn -0.0241 0.9167 0.3988
vn 0.2283 0.8430 0.4870
vn 0.3412 0.9083 0.2422
vn -0.1565 0.7010 0.6957
vn 0.0818 0.6559 0.7504
vn 0.5127 0.6460 0.5656
vn 0.6390 0.6826 0.3546
vn 0.3375 0.5597 0.7568
vn -0.2717 0.0973 0.9575
vn 0.0129 0.0867 0.9962
vn 0.0338 0.3561 0.9338
vn -0.2401 0.3761 0.8949
vn 0.3945 0.0707 0.9162
vn 0.3802 0.3145 0.8698
vn 0.8652 0.1044 0.4904
vn 0.8280 0.3514 0.4369
vn 0.6668 0.3415 0.6624
vn 0.7158 0.0704 0.6948
vn -0.0835 -0.9864 -0.1415
vn -0.3412 -0.9083 -0.2422
vn -0.2283 -0.8430 -0.4870
vn 0.0241 -0.9167 -0.3988
vn -0.6390 -0.6826 -0.3546
vn -0.5127 -0.6460 -0.5656
vn -0.0818 -0.6559 -0.7504
vn 0.1565 -0.7010 -0.6957
vn -0.3375 -0.5597 -0.7568
vn -0.8842 -0.0706 -0.4618
vn -0.7158 -0.0704 -0.6948
vn -0.6668 -0.3415 -0.6624
vn -0.8280 -0.3514 -0.4369
vn -0.3945 -0.0707 -0.9162
vn -0.3802 -0.3145 -0.8698
vn 0.2717 -0.0973 -0.9575
vn 0.2401 -0.3761 -0.8949
vn -0.0338 -0.3561 -0.9338
vn -0.0129 -0.0867 -0.9962
vn -0.0282 0.9924 -0.1194
vn 0.0755 0.9226 -0.3782
vn -0.1806 0.8651 -0.4679
vn -0.2898 0.9311 -0.2216
vn 0.1959 0.7066 -0.6800
vn -0.0446 0.6761 -0.7355
vn -0.4754 0.6861 -0.5507
vn -0.5996 0.7250 -0.3389
vn -0.3052 0.5945 -0.7439
vn 0.2773 0.1034 -0.9552
vn -0.0075 0.1095 -0.9940
vn -0.0133 0.3782 -0.9256
vn 0.2612 0.3820 -0.8865
vn -0.3894 0.1131 -0.9141
vn -0.3615 0.3546 -0.8623
vn -0.8786 0.1301 -0.4596
vn -0.8068 0.4067 -0.4285
vn -0.6463 0.3929 -0.6542
vn -0.7103 0.1258 -0.6926
vn -0.1581 -0.9864 0.0449
vn -0.2576 -0.9167 0.3054
vn -0.5012 -0.8430 0.1951
vn -0.4141 -0.9083 -0.0599
vn -0.3665 -0.7010 0.6118
vn -0.5767 -0.6559 0.4869
vn -0.7613 -0.6460 0.0560
vn -0.7073 -0.6826 -0.1839
vn -0.7664 -0.5597 0.3153
vn -0.4636 -0.0973 0.8807
vn -0.6964 -0.0867 0.7124
vn -0.6685 -0.3561 0.6529
vn -0.4434 -0.3761 0.8136
vn -0.9175 -0.0707 0.3913
vn -0.8752 -0.3145 0.3675
vn -0.9587 -0.0706 -0.2754
vn -0.9009 -0.3514 -0.2547
vn -0.9397 -0.3415 0.0198
vn -0.9975 -0.0704 0.0094
vn -0.1028 0.9924 0.0670
vn -0.3627 0.9311 -0.0394
vn -0.4535 0.8651 0.2142
vn -0.2062 0.9226 0.3259
vn -0.6679 0.7250 -0.1682
vn -0.7241 0.6861 0.0709
vn -0.5395 0.6761 0.5018
vn -0.3272 0.7066 0.6275
vn -0.7341 0.5945 0.3282
vn -0.9531 0.1301 -0.2732
vn -0.9920 0.1258 0.0116
vn -0.9192 0.3929 0.0280
vn -0.8797 0.4067 -0.2462
vn -0.9124 0.1131 0.3934
vn -0.8565 0.3546 0.3750
vn -0.4580 0.1034 0.8829
vn -0.4222 0.3820 0.8221
vn -0.6480 0.3782 0.6611
vn -0.6909 0.1095 0.7146
vn 0.0279 0.9995 0.0112
vt 0.250506 0.936177
vt 0.254604 0.936992
vt 0.258465 0.938591
vt 0.261939 0.940913
vt 0.264894 0.943868
vt 0.267216 0.947342
vt 0.268815 0.951203
vt 0.269630 0.955302
vt 0.269630 0.959481
vt 0.268815 0.963580
vt 0.267216 0.967441
vt 0.264894 0.970915
vt 0.261939 0.973870
vt 0.258465 0.976192
vt 0.254604 0.977791
vt 0.250506 0.978607
vt 0.246327 0.978607
vt 0.242228 0.977792
vt 0.238368 0.976192
vt 0.234893 0.973871
vt 0.231938 0.970916
vt 0.229617 0.967441
vt 0.228017 0.963580
vt 0.227202 0.959481
vt 0.227202 0.955302
vt 0.228017 0.951204
vt 0.229617 0.947343
vt 0.231938 0.943868
vt 0.234893 0.940913
vt 0.238368 0.938591
vt 0.242228 0.936992
vt 0.246327 0.936177
vt 0.930527 0.964929
vt 0.930522 0.960751
vt 0.931181 0.960784
vt 0.931186 0.964884
vt 0.190924 0.936976
vt 0.194712 0.938546
vt 0.194174 0.939556
vt 0.190594 0.938073
vt 0.193367 0.941068
vt 0.190097 0.939713
vt 0.192415 0.942851
vt 0.189511 0.941648
vt 0.930542 0.969016
vt 0.931201 0.968893
vt 0.186903 0.936177
vt 0.186793 0.937316
vt 0.186626 0.939022
vt 0.186428 0.941035
vt 0.930565 0.972854
vt 0.931224 0.972659
vt 0.182803 0.936177
vt 0.182917 0.937316
vt 0.183087 0.939022
vt 0.183285 0.941035
vt 0.930597 0.976295
vt 0.931255 0.976035
vt 0.178781 0.936976
vt 0.179116 0.938073
vt 0.179615 0.939713
vt 0.180203 0.941648
vt 0.964981 0.949203
vt 0.965011 0.946253
vt 0.965668 0.946564
vt 0.965639 0.949458
vt 0.174993 0.938546
vt 0.175535 0.939556
vt 0.176345 0.941068
vt 0.177299 0.942851
vt 0.964959 0.952674
vt 0.965617 0.952863
vt 0.171584 0.940823
vt 0.172313 0.941709
vt 0.173402 0.943034
vt 0.174685 0.944597
vt 0.964945 0.956532
vt 0.965604 0.956649
vt 0.168685 0.943723
vt 0.169573 0.944449
vt 0.170899 0.945537
vt 0.172463 0.946820
vt 0.964940 0.960629
vt 0.965599 0.960669
vt 0.166407 0.947132
vt 0.167419 0.947672
vt 0.168933 0.948480
vt 0.170717 0.949433
vt 0.964945 0.964808
vt 0.965604 0.964769
vt 0.164838 0.950920
vt 0.165936 0.951252
vt 0.167578 0.951750
vt 0.169514 0.952337
vt 0.964959 0.968908
vt 0.965617 0.968792
vt 0.164038 0.954941
vt 0.165180 0.955053
vt 0.166888 0.955221
vt 0.168901 0.955419
vt 0.964981 0.972772
vt 0.965639 0.972582
vt 0.164038 0.959041
vt 0.165180 0.958929
vt 0.166888 0.958761
vt 0.168901 0.958562
vt 0.965010 0.976251
vt 0.965668 0.975995
vt 0.164838 0.963063
vt 0.165936 0.962730
vt 0.167578 0.962232
vt 0.169514 0.961645
vt 0.961619 0.829316
vt 0.961656 0.826280
vt 0.962314 0.826584
vt 0.962278 0.829562
vt 0.166407 0.966851
vt 0.167419 0.966311
vt 0.168933 0.965502
vt 0.170717 0.964549
vt 0.961591 0.832854
vt 0.962251 0.833033
vt 0.168685 0.970260
vt 0.169573 0.969533
vt 0.170899 0.968445
vt 0.172463 0.967162
vt 0.961574 0.836757
vt 0.962234 0.836863
vt 0.171584 0.973159
vt 0.172313 0.972274
vt 0.173402 0.970948
vt 0.174686 0.969385
vt 0.961569 0.840877
vt 0.962229 0.840905
vt 0.174993 0.975437
vt 0.175535 0.974427
vt 0.176345 0.972915
vt 0.177299 0.971131
vt 0.961574 0.845055
vt 0.962234 0.845003
vt 0.178781 0.977006
vt 0.179116 0.975910
vt 0.179615 0.974269
vt 0.180203 0.972334
vt 0.961591 0.849129
vt 0.962251 0.849001
vt 0.182803 0.977806
vt 0.182917 0.976666
vt 0.183087 0.974960
vt 0.183285 0.972947
vt 0.961619 0.852944
vt 0.962278 0.852744
vt 0.186903 0.977806
vt 0.186793 0.976666
vt 0.186626 0.974960
vt 0.186428 0.972947
vt 0.961656 0.856353
vt 0.962314 0.856089
vt 0.190924 0.977006
vt 0.190594 0.975910
vt 0.190097 0.974269
vt 0.189511 0.972334
vt 0.961094 0.536528
vt 0.961142 0.533481
vt 0.961801 0.533783
vt 0.961754 0.536773
vt 0.194712 0.975437
vt 0.194174 0.974427
vt 0.193368 0.972915
vt 0.192415 0.971131
vt 0.961058 0.540075
vt 0.961719 0.540252
vt 0.198121 0.973159
vt 0.197397 0.972274
vt 0.196310 0.970948
vt 0.195028 0.969385
vt 0.961037 0.543985
vt 0.961698 0.544088
vt 0.201021 0.970260
vt 0.200137 0.969533
vt 0.198813 0.968445
vt 0.197250 0.967162
vt 0.961029 0.548107
vt 0.961691 0.548133
vt 0.203298 0.966851
vt 0.202290 0.966311
vt 0.200780 0.965502
vt 0.198997 0.964549
vt 0.961037 0.552284
vt 0.961698 0.552231
vt 0.204867 0.963063
vt 0.203773 0.962730
vt 0.202134 0.962232
vt 0.200199 0.961645
vt 0.961058 0.556355
vt 0.961719 0.556225
vt 0.205667 0.959041
vt 0.204529 0.958929
vt 0.202825 0.958761
vt 0.200813 0.958562
vt 0.961094 0.560163
vt 0.961754 0.559961
vt 0.205667 0.954941
vt 0.204529 0.955053
vt 0.202825 0.955221
vt 0.200813 0.955419
vt 0.961142 0.563562
vt 0.961801 0.563297
vt 0.204867 0.950920
vt 0.203773 0.951252
vt 0.202134 0.951750
vt 0.200199 0.952337
vt 0.930565 0.949250
vt 0.930597 0.946253
vt 0.931255 0.946560
vt 0.931224 0.949500
vt 0.203298 0.947132
vt 0.202290 0.947672
vt 0.200780 0.948480
vt 0.198997 0.949433
vt 0.930542 0.952758
vt 0.931201 0.952942
vt 0.201020 0.943723
vt 0.200137 0.944449
vt 0.198813 0.945537
vt 0.197250 0.946820
vt 0.930527 0.956641
vt 0.931186 0.956752
vt 0.198121 0.940823
vt 0.197397 0.941709
vt 0.196310 0.943034
vt 0.195028 0.944597
vt 0.918372 0.960763
vt 0.918377 0.964942
vt 0.918377 0.956653
vt 0.918391 0.969028
vt 0.918415 0.972866
vt 0.918447 0.976307
vt 0.952860 0.946267
vt 0.952830 0.949217
vt 0.952808 0.952688
vt 0.952794 0.956546
vt 0.952790 0.960643
vt 0.952794 0.964822
vt 0.952808 0.968922
vt 0.952830 0.972786
vt 0.952860 0.976264
vt 0.949506 0.826292
vt 0.949469 0.829328
vt 0.949441 0.832866
vt 0.949424 0.836769
vt 0.949419 0.840889
vt 0.949424 0.845066
vt 0.949441 0.849141
vt 0.949469 0.852956
vt 0.949506 0.856365
vt 0.948992 0.533496
vt 0.948945 0.536543
vt 0.948909 0.540089
vt 0.948887 0.543999
vt 0.948880 0.548122
vt 0.948887 0.552298
vt 0.948909 0.556369
vt 0.948945 0.560178
vt 0.948992 0.563577
vt 0.918447 0.946266
vt 0.918415 0.949262
vt 0.918391 0.952770
vt 0.352159 0.478545
vt 0.384969 0.503846
vt 0.384968 0.607147
vt 0.352159 0.629689
vt 0.694764 0.557788
vt 0.727837 0.560086
vt 0.727837 0.612767
vt 0.694764 0.610470
vt 0.045461 0.492526
vt 0.078269 0.467134
vt 0.078269 0.473251
vt 0.045461 0.499870
vt 0.045460 0.340653
vt 0.078269 0.363964
vt 0.352159 0.471209
vt 0.384969 0.497735
vt 0.654066 0.556043
vt 0.694764 0.555997
vt 0.654066 0.557834
vt 0.727837 0.558295
vt 0.694770 0.312191
vt 0.727834 0.314408
vt 0.100468 0.606512
vt 0.090913 0.607990
vt 0.078270 0.576898
vt 0.080692 0.612682
vt 0.071362 0.619873
vt 0.064342 0.628468
vt 0.371041 0.342707
vt 0.378061 0.351279
vt 0.384969 0.394196
vt 0.387392 0.358444
vt 0.397613 0.363111
vt 0.407168 0.364569
vt 0.541363 0.313010
vt 0.541363 0.612179
vt 0.531781 0.612093
vt 0.531781 0.312924
vt 0.521477 0.611794
vt 0.521477 0.312624
vt 0.512017 0.611327
vt 0.512017 0.312157
vt 0.205356 0.640484
vt 0.205356 0.340653
vt 0.213944 0.340668
vt 0.213944 0.640499
vt 0.045461 0.659087
vt 0.244560 0.340708
vt 0.244560 0.640539
vt 0.352160 0.312157
vt 0.470971 0.496387
vt 0.481496 0.496440
vt 0.470996 0.497495
vt 0.745927 0.226355
vt 0.738684 0.217363
vt 0.755657 0.231099
vt 0.735066 0.205384
vt 0.735623 0.192244
vt 0.452106 0.266492
vt 0.586735 0.266492
vt 0.586667 0.279547
vt 0.452069 0.279547
vt 0.586473 0.290622
vt 0.451962 0.290622
vt 0.183799 0.475399
vt 0.183799 0.609577
vt 0.174800 0.608803
vt 0.174800 0.474756
vt 0.164271 0.608323
vt 0.164270 0.474430
vt 0.445896 0.266492
vt 0.445860 0.279547
vt 0.445758 0.290622
vt 0.183822 0.469210
vt 0.174827 0.468573
vt 0.164298 0.468254
vt 0.586734 0.034864
vt 0.452104 0.034864
vt 0.452067 0.021818
vt 0.586666 0.021818
vt 0.451960 0.010767
vt 0.586471 0.010767
vt 0.490482 0.362882
vt 0.490482 0.496920
vt 0.481497 0.362532
vt 0.470972 0.362633
vt 0.317476 0.266492
vt 0.317470 0.279547
vt 0.317451 0.290622
vt 0.183821 0.341221
vt 0.174826 0.342337
vt 0.164298 0.344163
vt 0.317476 0.221022
vt 0.445896 0.221022
vt 0.121284 0.391842
vt 0.123588 0.349654
vt 0.632531 0.367347
vt 0.632531 0.577866
vt 0.630445 0.590894
vt 0.624505 0.601951
vt 0.615614 0.609355
vt 0.605126 0.611978
vt 0.605127 0.312809
vt 0.615614 0.315366
vt 0.624505 0.322713
vt 0.630445 0.333733
vt 0.632531 0.346748
vt 0.586735 0.245848
vt 0.452106 0.221026
vt 0.452106 0.221022
vt 0.386154 0.502258
vt 0.838756 0.248477
vt 0.772745 0.010767
vt 0.838756 0.024825
vt 0.278193 0.161380
vt 0.278193 0.030015
vt 0.287785 0.019767
vt 0.287785 0.161295
vt 0.295916 0.010767
vt 0.295916 0.161052
vt 0.317451 0.473451
vt 0.317451 0.323688
vt 0.323922 0.316931
vt 0.323923 0.472690
vt 0.331609 0.314058
vt 0.331610 0.472169
vt 0.028491 0.168656
vt 0.028491 0.319119
vt 0.018899 0.319104
vt 0.018899 0.168574
vt 0.010767 0.319061
vt 0.010767 0.168340
vt 0.010768 0.491558
vt 0.010767 0.341205
vt 0.017228 0.340816
vt 0.017229 0.491454
vt 0.024913 0.340674
vt 0.024913 0.491649
vt 0.278193 0.168656
vt 0.287785 0.168574
vt 0.295916 0.168340
vt 0.317451 0.480714
vt 0.323923 0.479966
vt 0.331611 0.479462
vt 0.028491 0.030015
vt 0.028491 0.161380
vt 0.018899 0.161295
vt 0.018899 0.019767
vt 0.010767 0.161052
vt 0.010767 0.010768
vt 0.010767 0.648747
vt 0.010767 0.498829
vt 0.017228 0.498739
vt 0.017228 0.654659
vt 0.024912 0.498950
vt 0.024911 0.657226
vt 0.278193 0.319118
vt 0.287785 0.319103
vt 0.295916 0.319061
vt 0.317451 0.630911
vt 0.323923 0.630449
vt 0.331611 0.630281
vt 0.792702 0.604768
vt 0.792702 0.320249
vt 0.799124 0.314400
vt 0.799124 0.609762
vt 0.806784 0.312307
vt 0.806784 0.611477
vt 0.654066 0.337120
vt 0.655600 0.327574
vt 0.659968 0.319478
vt 0.666505 0.314064
vt 0.674216 0.312157
vt 0.058172 0.319119
vt 0.056372 0.319118
vt 0.674216 0.610493
vt 0.666505 0.608603
vt 0.659968 0.603204
vt 0.655600 0.595118
vt 0.654066 0.585576
vt 0.776173 0.285350
vt 0.766386 0.285009
vt 0.766386 0.270012
vt 0.776173 0.270354
vt 0.821909 0.593893
vt 0.821909 0.332881
vt 0.827299 0.312157
vt 0.827299 0.611327
vt 0.812174 0.332952
vt 0.812174 0.593964
vt 0.858569 0.595282
vt 0.858569 0.856294
vt 0.848834 0.856365
vt 0.848834 0.595353
vt 0.281019 0.340657
vt 0.281019 0.602247
vt 0.266095 0.602243
vt 0.266095 0.340653
vt 0.744851 0.285028
vt 0.735066 0.285386
vt 0.735066 0.270371
vt 0.744851 0.270012
vt 0.863744 0.312157
vt 0.863744 0.573747
vt 0.848834 0.573747
vt 0.848834 0.312157
vt 0.722086 0.737515
vt 0.722086 0.782758
vt 0.720003 0.795745
vt 0.714062 0.806758
vt 0.705186 0.814284
vt 0.694716 0.817076
vt 0.654066 0.817658
vt 0.654133 0.738310
vt 0.051718 0.870602
vt 0.053496 0.871663
vt 0.056123 0.872562
vt 0.059200 0.873162
vt 0.062257 0.873373
vt 0.047578 0.873373
vt 0.054893 0.866381
vt 0.658440 0.010814
vt 0.643887 0.230976
vt 0.640833 0.231185
vt 0.655059 0.010811
vt 0.637764 0.231785
vt 0.651071 0.010807
vt 0.635146 0.232685
vt 0.647084 0.010803
vt 0.633379 0.233748
vt 0.643706 0.010800
vt 0.713531 0.010868
vt 0.713460 0.231037
vt 0.386154 0.557156
vt 0.386138 0.560525
vt 0.386094 0.564499
vt 0.386028 0.568471
vt 0.385950 0.571838
vt 0.608270 0.010767
vt 0.608270 0.255853
vt 0.765806 0.538802
vt 0.770629 0.543309
vt 0.771168 0.615511
vt 0.012530 0.793804
vt 0.054796 0.793806
vt 0.010767 0.873373
vt 0.565112 0.639971
vt 0.632531 0.633715
vt 0.632531 0.633714
vt 0.632531 0.639902
vt 0.632531 0.767870
vt 0.564497 0.760625
vt 0.562023 0.723921
vt 0.561873 0.709292
vt 0.237333 0.662074
vt 0.237333 0.752658
vt 0.228477 0.752740
vt 0.228477 0.662156
vt 0.219982 0.752965
vt 0.219982 0.662381
vt 0.212176 0.753325
vt 0.212176 0.662741
vt 0.205356 0.753806
vt 0.205356 0.663222
vt 0.160853 0.680622
vt 0.160853 0.771522
vt 0.153966 0.771577
vt 0.153966 0.680677
vt 0.146108 0.771618
vt 0.146108 0.680718
vt 0.137582 0.771643
vt 0.137582 0.680744
vt 0.128715 0.771651
vt 0.128715 0.680752
vt 0.119848 0.771643
vt 0.119848 0.680744
vt 0.111321 0.771618
vt 0.111321 0.680718
vt 0.103463 0.771577
vt 0.103463 0.680677
vt 0.096575 0.771522
vt 0.096575 0.680622
vt 0.010767 0.772269
vt 0.010767 0.681591
vt 0.017576 0.681187
vt 0.017576 0.771864
vt 0.025374 0.680883
vt 0.025374 0.771561
vt 0.033864 0.680692
vt 0.033864 0.771370
vt 0.042718 0.680622
vt 0.042718 0.771300
vt 0.051597 0.680675
vt 0.051597 0.771353
vt 0.060158 0.680849
vt 0.060158 0.771527
vt 0.068074 0.681137
vt 0.068074 0.771815
vt 0.075040 0.681528
vt 0.075040 0.772206
vt 0.818628 0.637088
vt 0.818628 0.727992
vt 0.811728 0.727974
vt 0.811728 0.637070
vt 0.803861 0.727960
vt 0.803861 0.637057
vt 0.795329 0.727952
vt 0.795329 0.637049
vt 0.786460 0.727949
vt 0.786460 0.637046
vt 0.777595 0.727952
vt 0.777595 0.637049
vt 0.769074 0.727960
vt 0.769074 0.637057
vt 0.761225 0.727974
vt 0.761225 0.637071
vt 0.754349 0.727992
vt 0.754349 0.637089
vt 0.269630 0.663157
vt 0.269630 0.753741
vt 0.262675 0.753274
vt 0.262675 0.662691
vt 0.254767 0.752930
vt 0.254767 0.662346
vt 0.429239 0.702128
vt 0.429239 0.693218
vt 0.430968 0.684479
vt 0.434361 0.676248
vt 0.439286 0.668840
vt 0.445555 0.662540
vt 0.452926 0.657591
vt 0.461116 0.654183
vt 0.469811 0.652446
vt 0.478676 0.652447
vt 0.487371 0.654186
vt 0.495561 0.657597
vt 0.502932 0.662548
vt 0.509201 0.668850
vt 0.514126 0.676259
vt 0.517519 0.684491
vt 0.519248 0.693230
vt 0.519248 0.702140
vt 0.517519 0.710879
vt 0.514126 0.719110
vt 0.509201 0.726518
vt 0.502932 0.732818
vt 0.495561 0.737767
vt 0.487371 0.741176
vt 0.478676 0.742913
vt 0.469811 0.742912
vt 0.461116 0.741172
vt 0.452926 0.737761
vt 0.445555 0.732810
vt 0.439286 0.726509
vt 0.434361 0.719100
vt 0.430968 0.710867
vt 0.246210 0.752722
vt 0.246210 0.662138
vt 0.631557 0.916465
vt 0.631535 0.923905
vt 0.625712 0.923905
vt 0.625734 0.916465
vt 0.397467 0.716373
vt 0.400436 0.709191
vt 0.405967 0.710872
vt 0.402565 0.719104
vt 0.393157 0.722837
vt 0.397625 0.726513
vt 0.387672 0.728334
vt 0.391339 0.732813
vt 0.381223 0.732654
vt 0.383947 0.737763
vt 0.374057 0.735629
vt 0.375734 0.741173
vt 0.366450 0.737145
vt 0.367016 0.742911
vt 0.358694 0.737145
vt 0.358127 0.742911
vt 0.351087 0.735629
vt 0.349409 0.741173
vt 0.343922 0.732654
vt 0.341197 0.737763
vt 0.337474 0.728334
vt 0.333806 0.732813
vt 0.331991 0.722837
vt 0.327522 0.726513
vt 0.327683 0.716373
vt 0.322584 0.719104
vt 0.324715 0.709191
vt 0.319184 0.710872
vt 0.323203 0.701566
vt 0.317451 0.702134
vt 0.323205 0.693791
vt 0.317452 0.693223
vt 0.324719 0.686166
vt 0.319188 0.684485
vt 0.327688 0.678984
vt 0.322591 0.676253
vt 0.331998 0.672520
vt 0.327530 0.668844
vt 0.337483 0.667023
vt 0.333816 0.662544
vt 0.343932 0.662703
vt 0.341208 0.657594
vt 0.351098 0.659728
vt 0.349421 0.654184
vt 0.358705 0.658212
vt 0.358139 0.652446
vt 0.366461 0.658212
vt 0.367028 0.652446
vt 0.374068 0.659728
vt 0.375746 0.654184
vt 0.381233 0.662703
vt 0.383958 0.657594
vt 0.387681 0.667023
vt 0.391349 0.662544
vt 0.393165 0.672520
vt 0.397633 0.668844
vt 0.397473 0.678984
vt 0.402571 0.676253
vt 0.400440 0.686166
vt 0.405971 0.684485
vt 0.401952 0.693791
vt 0.407704 0.693223
vt 0.401951 0.701566
vt 0.407703 0.702134
vt 0.731299 0.688025
vt 0.728330 0.695207
vt 0.724020 0.701672
vt 0.718535 0.707169
vt 0.712085 0.711488
vt 0.704920 0.714463
vt 0.697312 0.715980
vt 0.689556 0.715980
vt 0.681950 0.714463
vt 0.674785 0.711488
vt 0.668337 0.707169
vt 0.662853 0.701672
vt 0.658545 0.695208
vt 0.655578 0.688025
vt 0.654066 0.680400
vt 0.654067 0.672626
vt 0.655581 0.665001
vt 0.658550 0.657818
vt 0.662860 0.651354
vt 0.668345 0.645857
vt 0.674795 0.641538
vt 0.681961 0.638563
vt 0.689568 0.637046
vt 0.697324 0.637046
vt 0.704930 0.638563
vt 0.712095 0.641538
vt 0.718543 0.645857
vt 0.724027 0.651354
vt 0.728335 0.657818
vt 0.731302 0.665001
vt 0.732814 0.672626
vt 0.732813 0.680400
vt 0.421230 0.820528
vt 0.421643 0.814460
vt 0.427445 0.814466
vt 0.427032 0.820534
vt 0.631499 0.930761
vt 0.625676 0.930761
vt 0.421951 0.807561
vt 0.427753 0.807566
vt 0.428006 0.869953
vt 0.427952 0.877700
vt 0.422144 0.877694
vt 0.422198 0.869948
vt 0.631451 0.936771
vt 0.625628 0.936771
vt 0.422140 0.800095
vt 0.427942 0.800101
vt 0.427793 0.885170
vt 0.421985 0.885165
vt 0.427188 0.842075
vt 0.427535 0.848015
vt 0.421727 0.848010
vt 0.421379 0.842069
vt 0.422204 0.792349
vt 0.428006 0.792355
vt 0.427535 0.892077
vt 0.421727 0.892071
vt 0.427793 0.854820
vt 0.421985 0.854815
vt 0.422140 0.784622
vt 0.427942 0.784628
vt 0.427188 0.898154
vt 0.421379 0.898149
vt 0.427952 0.862228
vt 0.422144 0.862222
vt 0.421951 0.777210
vt 0.427753 0.777216
vt 0.954740 0.455862
vt 0.954724 0.461882
vt 0.948901 0.461881
vt 0.948917 0.455862
vt 0.421643 0.770398
vt 0.427445 0.770404
vt 0.954712 0.468746
vt 0.948889 0.468746
vt 0.421230 0.764448
vt 0.427032 0.764453
vt 0.954705 0.476190
vt 0.948882 0.476190
vt 0.631451 0.880686
vt 0.631499 0.886696
vt 0.625676 0.886696
vt 0.625628 0.880686
vt 0.954702 0.483928
vt 0.948880 0.483928
vt 0.631535 0.893552
vt 0.625712 0.893552
vt 0.954705 0.491664
vt 0.948882 0.491664
vt 0.631557 0.900991
vt 0.625734 0.900991
vt 0.954712 0.499098
vt 0.948889 0.499098
vt 0.631564 0.908728
vt 0.625742 0.908728
vt 0.954724 0.505947
vt 0.948901 0.505947
vt 0.954739 0.511946
vt 0.948917 0.511946
vt 0.295916 0.878404
vt 0.295916 0.932189
vt 0.291537 0.932189
vt 0.291537 0.878404
vt 0.885279 0.312310
vt 0.922882 0.312157
vt 0.922882 0.365823
vt 0.885279 0.365976
vt 0.386950 0.947318
vt 0.386950 0.984986
vt 0.382578 0.985037
vt 0.382578 0.947369
vt 0.317451 0.984990
vt 0.317451 0.947318
vt 0.321817 0.947378
vt 0.321817 0.985049
vt 0.623458 0.797386
vt 0.623492 0.793067
vt 0.627957 0.792959
vt 0.627808 0.797386
vt 0.623590 0.789405
vt 0.627812 0.789979
vt 0.631013 0.793183
vt 0.631564 0.797386
vt 0.630159 0.790870
vt 0.341490 0.825829
vt 0.341504 0.830197
vt 0.320981 0.830885
vt 0.321073 0.826396
vt 0.341543 0.834021
vt 0.321238 0.833995
vt 0.318034 0.830803
vt 0.317451 0.826571
vt 0.318939 0.833172
vt 0.778281 0.848970
vt 0.757889 0.849060
vt 0.757830 0.844711
vt 0.778322 0.844717
vt 0.754349 0.849234
vt 0.754950 0.845077
vt 0.758150 0.841869
vt 0.778440 0.841226
vt 0.755882 0.842825
vt 0.379155 0.826270
vt 0.383488 0.826325
vt 0.383613 0.830814
vt 0.379169 0.830639
vt 0.387188 0.826493
vt 0.386624 0.830726
vt 0.383420 0.833926
vt 0.379209 0.834463
vt 0.385747 0.833097
vt 0.511382 0.826210
vt 0.515670 0.826212
vt 0.515744 0.830641
vt 0.511353 0.830531
vt 0.519248 0.826217
vt 0.518655 0.830421
vt 0.515453 0.833625
vt 0.511272 0.834197
vt 0.517736 0.832736
vt 0.815884 0.848817
vt 0.815925 0.844565
vt 0.820397 0.844511
vt 0.820239 0.848860
vt 0.816043 0.841073
vt 0.820268 0.841671
vt 0.823469 0.844858
vt 0.824014 0.849011
vt 0.822622 0.842611
vt 0.623458 0.851171
vt 0.627808 0.851171
vt 0.627957 0.855598
vt 0.623492 0.855490
vt 0.631564 0.851171
vt 0.631013 0.855373
vt 0.627812 0.858577
vt 0.623590 0.859151
vt 0.630159 0.857687
vt 0.778281 0.902636
vt 0.778322 0.907002
vt 0.757830 0.907213
vt 0.757889 0.902726
vt 0.778440 0.910818
vt 0.758150 0.910316
vt 0.754950 0.907130
vt 0.754349 0.902900
vt 0.755882 0.909494
vt 0.800029 0.811351
vt 0.820454 0.811746
vt 0.820552 0.816070
vt 0.800021 0.815583
vt 0.824092 0.811537
vt 0.823513 0.815677
vt 0.820309 0.818872
vt 0.799998 0.819025
vt 0.822614 0.817908
vt 0.511382 0.772425
vt 0.511353 0.768108
vt 0.515744 0.768002
vt 0.515670 0.772427
vt 0.511272 0.764451
vt 0.515453 0.765027
vt 0.518655 0.768231
vt 0.519248 0.772433
vt 0.517736 0.765919
vt 0.762361 0.811865
vt 0.762353 0.816096
vt 0.757916 0.816120
vt 0.758034 0.811796
vt 0.762329 0.819539
vt 0.758121 0.818922
vt 0.754918 0.815732
vt 0.754349 0.811593
vt 0.755800 0.817961
vt 0.815884 0.902483
vt 0.820239 0.902526
vt 0.820397 0.907012
vt 0.815925 0.906850
vt 0.824014 0.902677
vt 0.823469 0.906910
vt 0.820268 0.910118
vt 0.816043 0.910666
vt 0.822622 0.909281
vt 0.569716 0.797386
vt 0.565434 0.797386
vt 0.565368 0.792959
vt 0.569750 0.793067
vt 0.561873 0.797386
vt 0.562470 0.793183
vt 0.565671 0.789979
vt 0.569848 0.789405
vt 0.563395 0.790870
vt 0.921418 0.056339
vt 0.925802 0.056355
vt 0.926023 0.076922
vt 0.921514 0.076794
vt 0.929689 0.056401
vt 0.929185 0.076735
vt 0.925991 0.079938
vt 0.921751 0.080501
vt 0.928384 0.079064
vt 0.341490 0.772176
vt 0.321073 0.772743
vt 0.320981 0.768399
vt 0.341504 0.767928
vt 0.317451 0.772918
vt 0.318034 0.768765
vt 0.321238 0.765566
vt 0.341543 0.764446
vt 0.318939 0.766519
vt 0.457627 0.826206
vt 0.457598 0.830527
vt 0.453139 0.830637
vt 0.453282 0.826207
vt 0.457517 0.834193
vt 0.453297 0.833620
vt 0.450095 0.830416
vt 0.449541 0.826212
vt 0.450956 0.832732
vt 0.379155 0.772617
vt 0.379169 0.768369
vt 0.383613 0.768329
vt 0.383488 0.772673
vt 0.379208 0.764888
vt 0.383420 0.765496
vt 0.386624 0.768688
vt 0.387188 0.772840
vt 0.385747 0.766444
vt 0.921538 0.018684
vt 0.921631 0.014382
vt 0.926140 0.014294
vt 0.925921 0.018701
vt 0.921882 0.010767
vt 0.926120 0.011352
vt 0.929302 0.014556
vt 0.929808 0.018747
vt 0.928509 0.012259
vt 0.569716 0.851171
vt 0.569750 0.855490
vt 0.565368 0.855598
vt 0.565434 0.851171
vt 0.569848 0.859151
vt 0.565671 0.858577
vt 0.562470 0.855373
vt 0.561873 0.851171
vt 0.563395 0.857687
vt 0.800029 0.757757
vt 0.800021 0.753381
vt 0.820552 0.753653
vt 0.820454 0.758152
vt 0.799998 0.749527
vt 0.820309 0.750517
vt 0.823513 0.753708
vt 0.824092 0.757943
vt 0.822614 0.751328
vt 0.867902 0.056339
vt 0.867998 0.076794
vt 0.863696 0.076922
vt 0.863690 0.056355
vt 0.868235 0.080501
vt 0.864111 0.079938
vt 0.860929 0.076735
vt 0.860291 0.056401
vt 0.861900 0.079064
vt 0.457627 0.772421
vt 0.453282 0.772423
vt 0.453139 0.767998
vt 0.457598 0.768104
vt 0.449541 0.772428
vt 0.450095 0.768226
vt 0.453297 0.765022
vt 0.457517 0.764448
vt 0.450956 0.765915
vt 0.868021 0.018684
vt 0.863809 0.018701
vt 0.863813 0.014294
vt 0.868115 0.014382
vt 0.860410 0.018747
vt 0.861046 0.014556
vt 0.864240 0.011352
vt 0.868366 0.010767
vt 0.862025 0.012259
vt 0.762361 0.758271
vt 0.758034 0.758202
vt 0.757916 0.753703
vt 0.762353 0.753895
vt 0.754349 0.757999
vt 0.754918 0.753762
vt 0.758121 0.750567
vt 0.762329 0.750040
vt 0.755800 0.751381
vt 0.295916 0.652446
vt 0.295916 0.706231
vt 0.291536 0.706230
vt 0.291536 0.652446
vt 0.295915 0.803085
vt 0.295915 0.856870
vt 0.291536 0.856870
vt 0.291536 0.803085
vt 0.860291 0.248306
vt 0.860291 0.194583
vt 0.913956 0.194755
vt 0.913956 0.248478
vt 0.953251 0.380549
vt 0.953251 0.434327
vt 0.948880 0.434322
vt 0.948880 0.380544
vt 0.949491 0.788228
vt 0.949491 0.734446
vt 0.953858 0.734449
vt 0.953858 0.788231
vt 0.158159 0.801167
vt 0.158194 0.796848
vt 0.162659 0.796740
vt 0.162509 0.801167
vt 0.158291 0.793186
vt 0.162513 0.793760
vt 0.165715 0.796964
vt 0.166265 0.801167
vt 0.164860 0.794651
vt 0.510923 0.917603
vt 0.515292 0.917594
vt 0.515472 0.922004
vt 0.510983 0.921907
vt 0.519116 0.917559
vt 0.518583 0.921751
vt 0.515387 0.924951
vt 0.511155 0.925529
vt 0.517757 0.924049
vt 0.661809 0.901045
vt 0.661866 0.905318
vt 0.657518 0.905363
vt 0.657557 0.900990
vt 0.662029 0.908859
vt 0.657874 0.908244
vt 0.654677 0.905034
vt 0.654066 0.900862
vt 0.655625 0.907305
vt 0.510923 0.863825
vt 0.510983 0.859493
vt 0.515472 0.859373
vt 0.515292 0.863816
vt 0.511155 0.855792
vt 0.515387 0.856362
vt 0.518583 0.859569
vt 0.519116 0.863781
vt 0.517757 0.857241
vt 0.261764 0.837099
vt 0.266052 0.837101
vt 0.266126 0.841530
vt 0.261736 0.841420
vt 0.269630 0.837106
vt 0.269038 0.841310
vt 0.265836 0.844514
vt 0.261655 0.845087
vt 0.268118 0.843625
vt 0.661809 0.847323
vt 0.657557 0.847268
vt 0.657518 0.842795
vt 0.661866 0.842967
vt 0.654066 0.847139
vt 0.654677 0.842915
vt 0.657874 0.839725
vt 0.662029 0.839193
vt 0.655625 0.840565
vt 0.158159 0.854952
vt 0.162509 0.854952
vt 0.162659 0.859379
vt 0.158194 0.859271
vt 0.166265 0.854952
vt 0.165715 0.859154
vt 0.162513 0.862358
vt 0.158291 0.862932
vt 0.164861 0.861468
vt 0.715475 0.901217
vt 0.719841 0.901190
vt 0.720018 0.905563
vt 0.715532 0.905490
vt 0.723658 0.901084
vt 0.723123 0.905253
vt 0.719926 0.908443
vt 0.715695 0.909030
vt 0.722294 0.907518
vt 0.325125 0.917791
vt 0.325198 0.922102
vt 0.320873 0.922197
vt 0.320894 0.917780
vt 0.325403 0.925740
vt 0.321264 0.925158
vt 0.318071 0.921951
vt 0.317451 0.917754
vt 0.319034 0.924257
vt 0.261760 0.783314
vt 0.261731 0.778997
vt 0.266122 0.778891
vt 0.266048 0.783316
vt 0.261650 0.775341
vt 0.265831 0.775916
vt 0.269034 0.779120
vt 0.269627 0.783321
vt 0.268114 0.776808
vt 0.325125 0.864009
vt 0.320894 0.863997
vt 0.320873 0.859560
vt 0.325198 0.859682
vt 0.317451 0.863971
vt 0.318071 0.859764
vt 0.321264 0.856563
vt 0.325403 0.855997
vt 0.319034 0.857443
vt 0.715475 0.847494
vt 0.715532 0.843139
vt 0.720018 0.842995
vt 0.719841 0.847467
vt 0.715695 0.839365
vt 0.719926 0.839924
vt 0.723123 0.843134
vt 0.723658 0.847361
vt 0.722294 0.840778
vt 0.104417 0.801167
vt 0.100136 0.801167
vt 0.100069 0.796740
vt 0.104452 0.796848
vt 0.096575 0.801167
vt 0.097171 0.796964
vt 0.100372 0.793760
vt 0.104549 0.793186
vt 0.098096 0.794651
vt 0.921418 0.163729
vt 0.925801 0.163737
vt 0.926013 0.168182
vt 0.921504 0.168063
vt 0.929689 0.163776
vt 0.929175 0.167989
vt 0.925987 0.171199
vt 0.921748 0.171770
vt 0.928378 0.170321
vt 0.457270 0.917542
vt 0.457331 0.921847
vt 0.452987 0.921934
vt 0.453022 0.917524
vt 0.457502 0.925469
vt 0.453350 0.924881
vt 0.450153 0.921674
vt 0.449541 0.917481
vt 0.451104 0.923974
vt 0.208009 0.837099
vt 0.207981 0.841420
vt 0.203521 0.841530
vt 0.203664 0.837101
vt 0.207900 0.845087
vt 0.203680 0.844514
vt 0.200478 0.841310
vt 0.199923 0.837106
vt 0.201338 0.843625
vt 0.457270 0.863765
vt 0.453022 0.863746
vt 0.452987 0.859302
vt 0.457331 0.859432
vt 0.449541 0.863703
vt 0.450153 0.859492
vt 0.453350 0.856292
vt 0.457502 0.855732
vt 0.451104 0.857166
vt 0.921418 0.109954
vt 0.921504 0.105651
vt 0.926013 0.105554
vt 0.925801 0.109962
vt 0.921748 0.102036
vt 0.925987 0.102613
vt 0.929175 0.105810
vt 0.929689 0.110000
vt 0.928378 0.103515
vt 0.104417 0.854952
vt 0.104452 0.859271
vt 0.100069 0.859379
vt 0.100136 0.854952
vt 0.104549 0.862932
vt 0.100373 0.862358
vt 0.097171 0.859154
vt 0.096575 0.854952
vt 0.098096 0.861468
vt 0.378719 0.917834
vt 0.383095 0.917829
vt 0.383290 0.922247
vt 0.378791 0.922145
vt 0.386950 0.917809
vt 0.386426 0.922006
vt 0.383233 0.925207
vt 0.378997 0.925783
vt 0.385614 0.924310
vt 0.867902 0.163829
vt 0.867988 0.168164
vt 0.863686 0.168300
vt 0.863690 0.163853
vt 0.868232 0.171870
vt 0.864107 0.171315
vt 0.860919 0.168118
vt 0.860291 0.163906
vt 0.861894 0.170446
vt 0.208005 0.783314
vt 0.203660 0.783316
vt 0.203517 0.778891
vt 0.207976 0.778997
vt 0.199919 0.783321
vt 0.200473 0.779120
vt 0.203675 0.775916
vt 0.207895 0.775341
vt 0.201334 0.776808
vt 0.867902 0.110054
vt 0.863690 0.110078
vt 0.863686 0.105671
vt 0.867988 0.105752
vt 0.860291 0.110131
vt 0.860919 0.105938
vt 0.864107 0.102729
vt 0.868232 0.102136
vt 0.861894 0.103640
vt 0.378719 0.864052
vt 0.378791 0.859725
vt 0.383290 0.859610
vt 0.383095 0.864047
vt 0.378997 0.856040
vt 0.383233 0.856612
vt 0.386426 0.859819
vt 0.386950 0.864027
vt 0.385614 0.857496
vt 0.295916 0.727766
vt 0.295916 0.781550
vt 0.291536 0.781550
vt 0.291536 0.727765
vt 0.358027 0.984349
vt 0.358027 0.947318
vt 0.361044 0.947318
vt 0.361044 0.984349
vt 0.944417 0.349157
vt 0.944417 0.312157
vt 0.981263 0.312309
vt 0.981263 0.349309
vt 0.603939 0.949041
vt 0.603939 0.986068
vt 0.600932 0.986064
vt 0.600932 0.949037
vt 0.873385 0.984486
vt 0.873385 0.947457
vt 0.876395 0.947460
vt 0.876395 0.984488
vt 0.227160 0.909147
vt 0.227148 0.912121
vt 0.224086 0.912195
vt 0.224175 0.909147
vt 0.227113 0.914642
vt 0.224212 0.914246
vt 0.222007 0.912040
vt 0.221620 0.909147
vt 0.222608 0.913633
vt 0.922291 0.777045
vt 0.925304 0.777040
vt 0.925437 0.780077
vt 0.922340 0.780009
vt 0.927956 0.777018
vt 0.927596 0.779905
vt 0.925397 0.782109
vt 0.922481 0.782506
vt 0.927036 0.781489
vt 0.885343 0.850816
vt 0.885402 0.853763
vt 0.882441 0.853796
vt 0.882443 0.850780
vt 0.885571 0.856213
vt 0.882731 0.855790
vt 0.880536 0.853577
vt 0.880103 0.850701
vt 0.881207 0.855146
vt 0.922291 0.740018
vt 0.922340 0.737036
vt 0.925437 0.736955
vt 0.925304 0.740013
vt 0.922481 0.734491
vt 0.925397 0.734883
vt 0.927596 0.737092
vt 0.927956 0.739991
vt 0.927036 0.735490
vt 0.854266 0.883392
vt 0.851309 0.883394
vt 0.851253 0.880347
vt 0.854281 0.880420
vt 0.848834 0.883397
vt 0.849240 0.880504
vt 0.851445 0.878298
vt 0.854327 0.877902
vt 0.849869 0.878913
vt 0.885343 0.813817
vt 0.882444 0.813780
vt 0.882441 0.810705
vt 0.885402 0.810821
vt 0.880103 0.813701
vt 0.880536 0.810795
vt 0.882731 0.808600
vt 0.885571 0.808233
vt 0.881207 0.809181
vt 0.227160 0.872116
vt 0.224175 0.872116
vt 0.224086 0.869068
vt 0.227148 0.869142
vt 0.221620 0.872116
vt 0.222007 0.869222
vt 0.224213 0.867016
vt 0.227114 0.866621
vt 0.222608 0.867630
vt 0.922189 0.850968
vt 0.925207 0.850956
vt 0.925353 0.853973
vt 0.922248 0.853915
vt 0.927884 0.850898
vt 0.927530 0.853771
vt 0.925335 0.855966
vt 0.922416 0.856365
vt 0.926981 0.855335
vt 0.885423 0.707412
vt 0.885465 0.710379
vt 0.882475 0.710443
vt 0.882499 0.707403
vt 0.885584 0.712880
vt 0.882726 0.712478
vt 0.880526 0.710270
vt 0.880103 0.707381
vt 0.881181 0.711856
vt 0.854265 0.920423
vt 0.854281 0.923398
vt 0.851253 0.923474
vt 0.851309 0.920424
vt 0.854327 0.925922
vt 0.851445 0.925528
vt 0.849240 0.923322
vt 0.848834 0.920428
vt 0.849869 0.924917
vt 0.885423 0.670384
vt 0.882499 0.670375
vt 0.882475 0.667318
vt 0.885465 0.667404
vt 0.880103 0.670353
vt 0.880525 0.667455
vt 0.882726 0.665251
vt 0.885584 0.664863
vt 0.881181 0.665856
vt 0.922189 0.813969
vt 0.922248 0.810973
vt 0.925353 0.810882
vt 0.925207 0.813957
vt 0.922416 0.808385
vt 0.925335 0.808776
vt 0.927530 0.810989
vt 0.927884 0.813898
vt 0.926981 0.809370
vt 0.264183 0.909147
vt 0.267144 0.909147
vt 0.267204 0.912195
vt 0.264171 0.912121
vt 0.269630 0.909147
vt 0.269227 0.912040
vt 0.267022 0.914246
vt 0.264137 0.914642
vt 0.268602 0.913633
vt 0.922384 0.637777
vt 0.925390 0.637782
vt 0.925512 0.640839
vt 0.922423 0.640758
vt 0.928018 0.637800
vt 0.927650 0.640699
vt 0.925448 0.642906
vt 0.922535 0.643299
vt 0.927079 0.642299
vt 0.885389 0.777000
vt 0.885439 0.779965
vt 0.882460 0.780025
vt 0.882475 0.776988
vt 0.885579 0.782461
vt 0.882729 0.782057
vt 0.880530 0.779848
vt 0.880103 0.776960
vt 0.881192 0.781433
vt 0.891283 0.883390
vt 0.891299 0.880418
vt 0.894365 0.880344
vt 0.894272 0.883391
vt 0.891344 0.877900
vt 0.894247 0.878296
vt 0.896453 0.880502
vt 0.896837 0.883395
vt 0.895856 0.878910
vt 0.885389 0.739973
vt 0.882475 0.739961
vt 0.882460 0.736902
vt 0.885438 0.736991
vt 0.880103 0.739933
vt 0.880530 0.737035
vt 0.882729 0.734832
vt 0.885579 0.734446
vt 0.881192 0.735434
vt 0.922384 0.600749
vt 0.922423 0.597783
vt 0.925512 0.597714
vt 0.925390 0.600754
vt 0.922535 0.595282
vt 0.925449 0.595680
vt 0.927650 0.597884
vt 0.928018 0.600772
vt 0.927079 0.596299
vt 0.264183 0.872116
vt 0.264171 0.869142
vt 0.267204 0.869068
vt 0.267144 0.872116
vt 0.264137 0.866621
vt 0.267022 0.867016
vt 0.269227 0.869222
vt 0.269630 0.872116
vt 0.268602 0.867630
vt 0.922361 0.707443
vt 0.925369 0.707439
vt 0.925494 0.710479
vt 0.922403 0.710410
vt 0.928003 0.707421
vt 0.927637 0.710310
vt 0.925436 0.712514
vt 0.922522 0.712911
vt 0.927069 0.711895
vt 0.885435 0.637807
vt 0.885474 0.640787
vt 0.882480 0.640873
vt 0.882507 0.637816
vt 0.885586 0.643328
vt 0.882725 0.642940
vt 0.880524 0.640736
vt 0.880103 0.637838
vt 0.881176 0.642336
vt 0.891283 0.920421
vt 0.894272 0.920422
vt 0.894365 0.923472
vt 0.891299 0.923396
vt 0.896837 0.920425
vt 0.896453 0.923320
vt 0.894247 0.925526
vt 0.891344 0.925920
vt 0.895856 0.924914
vt 0.885435 0.600779
vt 0.882507 0.600788
vt 0.882480 0.597749
vt 0.885474 0.597812
vt 0.880103 0.600810
vt 0.880524 0.597921
vt 0.882725 0.595714
vt 0.885586 0.595312
vt 0.881176 0.596335
vt 0.922361 0.670415
vt 0.922403 0.667435
vt 0.925494 0.667354
vt 0.925369 0.670411
vt 0.922522 0.664894
vt 0.925436 0.665287
vt 0.927637 0.667495
vt 0.928003 0.670393
vt 0.927069 0.665894
vt 0.848834 0.984488
vt 0.848834 0.947457
vt 0.851850 0.947457
vt 0.851850 0.984488
vt 0.951224 0.148808
vt 0.951224 0.102036
vt 0.957487 0.102043
vt 0.957487 0.148815
vt 0.020235 0.941684
vt 0.020235 0.894908
vt 0.062257 0.894951
vt 0.062257 0.941727
vt 0.421760 0.966465
vt 0.421760 0.919689
vt 0.428006 0.919696
vt 0.428006 0.966472
vt 0.885279 0.570987
vt 0.885279 0.524213
vt 0.927345 0.524254
vt 0.927345 0.571029
vt 0.988206 0.877900
vt 0.988206 0.920068
vt 0.981929 0.920068
vt 0.981929 0.877900
vt 0.976274 0.498032
vt 0.976274 0.455862
vt 0.982552 0.455861
vt 0.982552 0.498032
vt 0.949538 0.712903
vt 0.949538 0.666132
vt 0.955801 0.666139
vt 0.955801 0.712911
vt 0.918372 0.924676
vt 0.918372 0.877900
vt 0.960394 0.877942
vt 0.960394 0.924718
vt 0.653855 0.977342
vt 0.653855 0.930565
vt 0.660101 0.930572
vt 0.660101 0.977349
vt 0.885279 0.434285
vt 0.885279 0.387510
vt 0.927345 0.387552
vt 0.927345 0.434327
vt 0.455818 0.947064
vt 0.455818 0.989233
vt 0.449541 0.989233
vt 0.449541 0.947064
vt 0.979022 0.144206
vt 0.979022 0.102036
vt 0.985299 0.102036
vt 0.985299 0.144206
vt 0.949552 0.642054
vt 0.949552 0.595282
vt 0.955816 0.595289
vt 0.955816 0.642061
vt 0.681636 0.977341
vt 0.681636 0.930565
vt 0.723658 0.930607
vt 0.723658 0.977383
vt 0.817906 0.979129
vt 0.817906 0.932353
vt 0.824152 0.932360
vt 0.824152 0.979136
vt 0.885279 0.502636
vt 0.885279 0.455861
vt 0.927345 0.455903
vt 0.927345 0.502678
vt 0.539254 0.947064
vt 0.539254 0.989233
vt 0.532977 0.989233
vt 0.532977 0.947064
vt 0.977336 0.708302
vt 0.977336 0.666132
vt 0.983613 0.666132
vt 0.983613 0.708302
vt 0.951343 0.057539
vt 0.951343 0.010767
vt 0.957606 0.010775
vt 0.957606 0.057547
vt 0.935491 0.241359
vt 0.935491 0.194583
vt 0.977513 0.194625
vt 0.977513 0.241402
vt 0.974786 0.434320
vt 0.974786 0.387543
vt 0.981032 0.387550
vt 0.981032 0.434327
vt 0.561873 0.927461
vt 0.561873 0.880686
vt 0.603939 0.880728
vt 0.603939 0.927502
vt 0.483630 0.947064
vt 0.483630 0.989233
vt 0.477353 0.989233
vt 0.477353 0.947064
vt 0.977351 0.637452
vt 0.977351 0.595282
vt 0.983628 0.595282
vt 0.983628 0.637452
vt 0.193822 0.913393
vt 0.193822 0.866621
vt 0.200085 0.866629
vt 0.200085 0.913401
vt 0.754349 0.979129
vt 0.754349 0.932353
vt 0.796371 0.932395
vt 0.796371 0.979171
vt 0.975393 0.781222
vt 0.975393 0.734446
vt 0.981639 0.734453
vt 0.981639 0.781229
vt 0.096575 0.931242
vt 0.096575 0.884467
vt 0.138640 0.884508
vt 0.138640 0.931283
vt 0.511442 0.947064
vt 0.511442 0.989233
vt 0.505165 0.989233
vt 0.505165 0.947064
vt 0.979141 0.052938
vt 0.979141 0.010767
vt 0.985418 0.010767
vt 0.985418 0.052938
s 1
usemtl Material.004
f 1/1/1 2/2/1 3/3/1 4/4/1 5/5/1 6/6/1 7/7/1 8/8/1 9/9/1 10/10/1 11/11/1 12/12/1 13/13/1 14/14/1 15/15/1 16/16/1 17/17/1 18/18/1 19/19/1 20/20/1 21/21/1 22/22/1 23/23/1 24/24/1 25/25/1 26/26/1 27/27/1 28/28/1 29/29/1 30/30/1 31/31/1 32/32/1
f 39/33/2 34/34/3 37/35/3 42/36/2
f 42/37/4 37/38/5 36/39/6 41/40/7
f 41/40/7 36/39/6 35/41/8 40/42/9
f 40/42/9 35/41/8 33/43/10 38/44/11
f 44/45/12 39/33/2 42/36/2 47/46/12
f 47/47/13 42/37/4 41/40/7 46/48/14
f 46/48/14 41/40/7 40/42/9 45/49/15
f 45/49/15 40/42/9 38/44/11 43/50/16
f 49/51/17 44/45/12 47/46/12 52/52/17
f 52/53/18 47/47/13 46/48/14 51/54/19
f 51/54/19 46/48/14 45/49/15 50/55/20
f 50/55/20 45/49/15 43/50/16 48/56/21
f 54/57/22 49/51/17 52/52/17 57/58/22
f 57/59/23 52/53/18 51/54/19 56/60/24
f 56/60/24 51/54/19 50/55/20 55/61/25
f 55/61/25 50/55/20 48/56/21 53/62/26
f 59/63/27 54/64/22 57/65/22 62/66/27
f 62/67/28 57/59/23 56/60/24 61/68/29
f 61/68/29 56/60/24 55/61/25 60/69/30
f 60/69/30 55/61/25 53/62/26 58/70/31
f 64/71/32 59/63/27 62/66/27 67/72/32
f 67/73/33 62/67/28 61/68/29 66/74/34
f 66/74/34 61/68/29 60/69/30 65/75/35
f 65/75/35 60/69/30 58/70/31 63/76/36
f 69/77/37 64/71/32 67/72/32 72/78/37
f 72/79/38 67/73/33 66/74/34 71/80/39
f 71/80/39 66/74/34 65/75/35 70/81/40
f 70/81/40 65/75/35 63/76/36 68/82/41
f 74/83/42 69/77/37 72/78/37 77/84/42
f 77/85/43 72/79/38 71/80/39 76/86/44
f 76/86/44 71/80/39 70/81/40 75/87/45
f 75/87/45 70/81/40 68/82/41 73/88/46
f 79/89/47 74/83/42 77/84/42 82/90/47
f 82/91/48 77/85/43 76/86/44 81/92/49
f 81/92/49 76/86/44 75/87/45 80/93/50
f 80/93/50 75/87/45 73/88/46 78/94/51
f 84/95/52 79/89/47 82/90/47 87/96/52
f 87/97/53 82/91/48 81/92/49 86/98/54
f 86/98/54 81/92/49 80/93/50 85/99/55
f 85/99/55 80/93/50 78/94/51 83/100/56
f 89/101/57 84/95/52 87/96/52 92/102/57
f 92/103/58 87/97/53 86/98/54 91/104/59
f 91/104/59 86/98/54 85/99/55 90/105/60
f 90/105/60 85/99/55 83/100/56 88/106/61
f 94/107/62 89/101/57 92/102/57 97/108/62
f 97/109/63 92/103/58 91/104/59 96/110/64
f 96/110/64 91/104/59 90/105/60 95/111/65
f 95/111/65 90/105/60 88/106/61 93/112/66
f 99/113/67 94/114/62 97/115/62 102/116/67
f 102/117/68 97/109/63 96/110/64 101/118/69
f 101/118/69 96/110/64 95/111/65 100/119/70
f 100/119/70 95/111/65 93/112/66 98/120/71
f 104/121/72 99/113/67 102/116/67 107/122/72
f 107/123/73 102/117/68 101/118/69 106/124/74
f 106/124/74 101/118/69 100/119/70 105/125/75
f 105/125/75 100/119/70 98/120/71 103/126/76
f 109/127/77 104/121/72 107/122/72 112/128/77
f 112/129/78 107/123/73 106/124/74 111/130/79
f 111/130/79 106/124/74 105/125/75 110/131/80
f 110/131/80 105/125/75 103/126/76 108/132/81
f 114/133/82 109/127/77 112/128/77 117/134/82
f 117/135/83 112/129/78 111/130/79 116/136/84
f 116/136/84 111/130/79 110/131/80 115/137/85
f 115/137/85 110/131/80 108/132/81 113/138/86
f 119/139/87 114/133/82 117/134/82 122/140/87
f 122/141/88 117/135/83 116/136/84 121/142/89
f 121/142/89 116/136/84 115/137/85 120/143/90
f 120/143/90 115/137/85 113/138/86 118/144/91
f 124/145/92 119/139/87 122/140/87 127/146/92
f 127/147/93 122/141/88 121/142/89 126/148/94
f 126/148/94 121/142/89 120/143/90 125/149/95
f 125/149/95 120/143/90 118/144/91 123/150/96
f 129/151/97 124/145/92 127/146/92 132/152/97
f 132/153/98 127/147/93 126/148/94 131/154/99
f 131/154/99 126/148/94 125/149/95 130/155/100
f 130/155/100 125/149/95 123/150/96 128/156/101
f 134/157/102 129/151/97 132/152/97 137/158/102
f 137/159/103 132/153/98 131/154/99 136/160/104
f 136/160/104 131/154/99 130/155/100 135/161/105
f 135/161/105 130/155/100 128/156/101 133/162/106
f 139/163/107 134/164/102 137/165/102 142/166/107
f 142/167/108 137/159/103 136/160/104 141/168/109
f 141/168/109 136/160/104 135/161/105 140/169/110
f 140/169/110 135/161/105 133/162/106 138/170/111
f 144/171/112 139/163/107 142/166/107 147/172/112
f 147/173/113 142/167/108 141/168/109 146/174/114
f 146/174/114 141/168/109 140/169/110 145/175/115
f 145/175/115 140/169/110 138/170/111 143/176/116
f 149/177/117 144/171/112 147/172/112 152/178/117
f 152/179/118 147/173/113 146/174/114 151/180/119
f 151/180/119 146/174/114 145/175/115 150/181/120
f 150/181/120 145/175/115 143/176/116 148/182/121
f 154/183/122 149/177/117 152/178/117 157/184/122
f 157/185/123 152/179/118 151/180/119 156/186/124
f 156/186/124 151/180/119 150/181/120 155/187/125
f 155/187/125 150/181/120 148/182/121 153/188/126
f 159/189/127 154/183/122 157/184/122 162/190/127
f 162/191/128 157/185/123 156/186/124 161/192/129
f 161/192/129 156/186/124 155/187/125 160/193/130
f 160/193/130 155/187/125 153/188/126 158/194/131
f 164/195/132 159/189/127 162/190/127 167/196/132
f 167/197/133 162/191/128 161/192/129 166/198/134
f 166/198/134 161/192/129 160/193/130 165/199/135
f 165/199/135 160/193/130 158/194/131 163/200/136
f 169/201/137 164/195/132 167/196/132 172/202/137
f 172/203/138 167/197/133 166/198/134 171/204/139
f 171/204/139 166/198/134 165/199/135 170/205/140
f 170/205/140 165/199/135 163/200/136 168/206/141
f 174/207/142 169/201/137 172/202/137 177/208/142
f 177/209/143 172/203/138 171/204/139 176/210/144
f 176/210/144 171/204/139 170/205/140 175/211/145
f 175/211/145 170/205/140 168/206/141 173/212/146
f 179/213/147 174/214/142 177/215/142 182/216/147
f 182/217/148 177/209/143 176/210/144 181/218/149
f 181/218/149 176/210/144 175/211/145 180/219/150
f 180/219/150 175/211/145 173/212/146 178/220/151
f 184/221/152 179/213/147 182/216/147 187/222/152
f 187/223/153 182/217/148 181/218/149 186/224/154
f 186/224/154 181/218/149 180/219/150 185/225/155
f 185/225/155 180/219/150 178/220/151 183/226/156
f 189/227/157 184/221/152 187/222/152 192/228/157
f 192/229/158 187/223/153 186/224/154 191/230/159
f 191/230/159 186/224/154 185/225/155 190/231/160
f 190/231/160 185/225/155 183/226/156 188/232/161
f 34/34/3 189/227/157 192/228/157 37/35/3
f 37/38/5 192/229/158 191/230/159 36/39/6
f 36/39/6 191/230/159 190/231/160 35/41/8
f 35/41/8 190/231/160 188/232/161 33/43/10
f 38/44/11 33/43/10 188/232/161 183/226/156 178/220/151 173/212/146 168/206/141 163/200/136 158/194/131 153/188/126 148/182/121 143/176/116 138/170/111 133/162/106 128/156/101 123/150/96 118/144/91 113/138/86 108/132/81 103/126/76 98/120/71 93/112/66 88/106/61 83/100/56 78/94/51 73/88/46 68/82/41 63/76/36 58/70/31 53/62/26 48/56/21 43/50/16
f 1/233/162 34/34/162 39/33/163 2/234/163
f 32/235/164 189/227/164 34/34/162 1/233/162
f 2/234/163 39/33/163 44/45/165 3/236/165
f 3/236/165 44/45/165 49/51/166 4/237/166
f 4/237/166 49/51/166 54/57/167 5/238/167
f 5/239/167 54/64/167 59/63/168 6/240/168
f 6/240/168 59/63/168 64/71/169 7/241/169
f 7/241/169 64/71/169 69/77/170 8/242/170
f 8/242/170 69/77/170 74/83/171 9/243/171
f 9/243/171 74/83/171 79/89/172 10/244/172
f 10/244/172 79/89/172 84/95/173 11/245/173
f 11/245/173 84/95/173 89/101/174 12/246/174
f 12/246/174 89/101/174 94/107/175 13/247/175
f 13/248/175 94/114/175 99/113/176 14/249/176
f 14/249/176 99/113/176 104/121/177 15/250/177
f 15/250/177 104/121/177 109/127/178 16/251/178
f 16/251/178 109/127/178 114/133/179 17/252/179
f 17/252/179 114/133/179 119/139/180 18/253/180
f 18/253/180 119/139/180 124/145/181 19/254/181
f 19/254/181 124/145/181 129/151/182 20/255/182
f 20/255/182 129/151/182 134/157/183 21/256/183
f 21/257/183 134/164/183 139/163/184 22/258/184
f 22/258/184 139/163/184 144/171/185 23/259/185
f 23/259/185 144/171/185 149/177/186 24/260/186
f 24/260/186 149/177/186 154/183/187 25/261/187
f 25/261/187 154/183/187 159/189/188 26/262/188
f 26/262/188 159/189/188 164/195/189 27/263/189
f 27/263/189 164/195/189 169/201/190 28/264/190
f 28/264/190 169/201/190 174/207/191 29/265/191
f 29/266/191 174/214/191 179/213/192 30/267/192
f 30/267/192 179/213/192 184/221/193 31/268/193
f 31/268/193 184/221/193 189/227/164 32/235/164
f 922/1503/187 923/1504/187 925/1505/187 924/1506/187
f 924/1507/162 925/1508/162 929/1509/162 928/1510/162
f 928/1511/171 929/1512/171 927/1513/171 926/1514/171
f 926/1515/179 927/1516/179 923/1517/179 922/1518/179
f 924/1519/1 928/1520/1 926/1521/1 922/1522/1
f 929/1523/246 925/1524/246 923/1525/246 927/1526/246
usemtl Material
f 205/269/162 204/270/162 193/271/162 195/272/162
f 211/273/194 210/274/195 194/275/195 196/276/194
f 207/277/179 206/278/179 200/279/179 201/280/179
f 196/281/179 194/282/179 206/278/179 207/277/179
f 202/283/162 199/284/162 204/270/162 205/269/162
f 215/285/196 217/286/196 211/273/171 209/287/171
f 217/286/197 216/288/198 210/274/195 211/273/194
f 195/289/199 193/290/200 216/288/198 217/286/197
f 220/291/179 223/292/179 222/293/179
f 223/292/179 224/294/179 222/293/179
f 224/294/179 225/295/179 222/293/179
f 225/295/179 221/296/179 222/293/179
f 226/297/162 229/298/162 228/299/162
f 229/298/162 230/300/162 228/299/162
f 230/300/162 231/301/162 228/299/162
f 231/301/162 227/302/162 228/299/162
f 220/303/201 227/304/201 231/305/202 223/306/202
f 223/306/202 231/305/202 230/307/203 224/308/203
f 224/308/203 230/307/203 229/309/204 225/310/204
f 225/311/204 229/312/204 226/313/205 221/314/205
f 201/280/179 200/279/179 222/293/179 221/296/179 303/315/179
f 221/314/205 226/313/205 304/316/206 303/317/206
f 304/318/162 226/297/162 228/299/162 199/284/162 202/283/162
f 252/319/207 255/320/208 254/321/209
f 255/322/210 256/323/211 254/324/212
f 256/323/211 257/325/213 254/324/212
f 257/325/213 253/326/214 254/324/212
f 248/327/215 243/328/216 246/329/217 251/330/218
f 251/330/218 246/329/217 245/331/219 250/332/220
f 250/333/220 245/334/219 244/335/221 249/336/222
f 249/336/222 244/335/221 242/337/223 247/338/224
f 259/339/225 248/327/215 251/330/218 262/340/226
f 262/340/226 251/330/218 250/332/220 261/341/227
f 261/342/227 250/333/220 249/336/222 260/343/228
f 260/343/228 249/336/222 247/338/224 258/344/229
f 237/345/230 253/346/231 257/347/232 239/348/233
f 239/348/233 257/347/232 256/349/234 240/350/235
f 240/351/235 256/352/234 255/320/208 241/353/236
f 241/353/236 255/320/208 252/319/207 238/354/237
f 232/355/238 259/339/225 262/340/226 234/356/239
f 234/356/239 262/340/226 261/341/227 235/357/240
f 235/358/240 261/342/227 260/343/228 236/359/241
f 236/359/241 260/343/228 258/344/229 233/360/242
f 208/361/243 213/362/244 259/339/225 232/355/238
f 194/282/179 311/363/179 312/364/179 233/360/242 258/344/229 206/278/179
f 214/365/245 237/366/245 239/367/245 240/368/245 241/369/245 238/370/245 227/304/201 220/303/201 242/371/245 244/372/245 245/373/245 246/374/245 243/375/245
f 253/346/231 237/345/230 214/376/246 218/377/246
f 228/299/162 227/302/162 238/354/237 252/319/207 199/284/162
f 200/279/179 247/338/224 242/337/223 220/291/179 222/293/179
f 213/362/244 212/378/247 248/327/215 259/339/225
f 206/278/179 258/344/229 247/338/224 200/279/179
f 199/284/162 252/319/207 254/321/209 203/379/162 204/270/162
f 203/380/248 254/324/212 253/326/214 218/381/248 219/382/248
f 284/383/249 273/384/250 275/385/251 287/386/252
f 287/386/252 275/385/251 276/387/253 286/388/254
f 286/389/254 276/390/253 277/391/255 285/392/256
f 285/392/256 277/391/255 306/393/257 283/394/258
f 294/395/259 269/396/259 272/397/260 297/398/260
f 297/398/260 272/397/260 271/399/261 296/400/261
f 296/401/261 271/402/261 270/403/262 295/404/262
f 295/404/262 270/403/262 268/405/263 293/406/264
f 299/407/249 284/383/249 287/386/252 302/408/252
f 302/408/252 287/386/252 286/388/254 301/409/254
f 301/410/254 286/389/254 285/392/256 300/411/256
f 300/411/256 285/392/256 283/394/258 298/412/258
f 278/413/265 288/414/259 290/415/260 280/416/266
f 280/416/266 290/415/260 291/417/261 281/418/267
f 281/419/267 291/420/261 292/421/262 282/422/268
f 282/422/268 292/421/262 289/423/264 305/424/269
f 288/414/259 294/395/259 297/398/260 290/415/260
f 290/415/260 297/398/260 296/400/261 291/417/261
f 291/420/261 296/401/261 295/404/262 292/421/262
f 292/421/262 295/404/262 293/406/264 289/423/264
f 263/425/249 299/407/249 302/408/252 265/426/252
f 265/426/252 302/408/252 301/409/254 266/427/254
f 266/428/254 301/410/254 300/411/256 267/429/256
f 267/429/256 300/411/256 298/412/258 264/430/270
f 273/384/250 278/413/265 280/416/266 275/385/251
f 275/385/251 280/416/266 281/418/271 276/387/271
f 276/431/271 281/432/271 282/433/272 277/434/272
f 277/434/272 282/433/272 305/435/273 306/436/274
f 263/437/275 265/438/275 266/439/275 267/440/275 264/441/275 195/289/275 217/286/196 215/285/196
f 284/383/249 299/407/249 263/425/249 215/442/1 209/443/1 269/396/259 294/395/259 288/414/259 278/413/265 273/384/250
f 298/412/258 205/269/162 195/272/162 264/430/270
f 268/405/263 196/281/179 207/277/179 293/406/264
f 209/287/171 211/273/171 196/276/171 268/444/171 270/445/171 271/446/171 272/447/171 269/448/171
f 306/393/257 304/318/162 202/283/162 283/394/258
f 289/423/264 201/280/179 303/315/179 305/424/269
f 283/394/258 202/283/162 205/269/162 298/412/258
f 293/406/264 207/277/179 201/280/179 289/423/264
f 214/376/246 243/328/216 248/327/215 212/378/247 218/377/246
f 197/453/276 198/454/276 303/455/276 304/456/276
f 279/457/276 274/458/276 306/436/274 305/435/273
f 274/458/276 197/453/276 304/456/276 306/436/274
f 198/454/276 279/457/276 305/435/273 303/455/276
f 208/475/279 232/476/279 234/477/279 235/478/279 236/479/279 233/480/279 312/481/279 313/482/279
f 319/483/280 323/484/280 324/485/280 325/486/280 320/487/280 321/488/280 322/489/280
f 314/490/281 320/491/282 325/492/283 316/493/284
f 316/493/284 325/492/283 324/494/285 317/495/286
f 317/495/286 324/494/285 323/496/287 318/497/288
f 318/497/288 323/496/287 319/498/289 315/499/290
f 314/490/281 203/500/291 219/501/291 320/491/282
f 204/270/162 203/379/162 314/502/162 316/503/162 317/504/162 318/505/162 315/506/162 193/271/162
f 193/507/200 315/499/290 319/498/289 216/508/198
f 194/275/195 210/274/195 216/288/198 319/509/289 322/510/292 311/511/292
f 312/512/293 311/513/293 322/489/293 321/488/293 313/514/293
f 219/515/294 218/516/294 212/517/294 213/518/294 208/519/294 313/520/294 321/521/294 320/522/294
usemtl Material.001
f 279/449/162 198/450/162 307/451/162 309/452/162
f 307/459/276 308/460/276 310/461/276 309/462/276
f 274/463/277 279/464/277 309/465/277 310/466/277
f 197/467/179 274/468/179 310/469/179 308/470/179
f 198/471/278 197/472/278 308/473/278 307/474/278
f 390/523/162 327/524/162 329/525/295 391/526/295
f 391/526/295 329/525/295 331/527/296 392/528/296
f 392/528/296 331/527/296 333/529/297 393/530/297
f 393/530/297 333/529/297 335/531/298 394/532/298
f 394/533/298 335/534/298 337/535/299 395/536/299
f 395/536/299 337/535/299 339/537/300 396/538/300
f 396/538/300 339/537/300 341/539/301 397/540/301
f 397/540/301 341/539/301 343/541/1 398/542/1
f 398/542/1 343/541/1 345/543/302 399/544/302
f 399/544/302 345/543/302 347/545/303 400/546/303
f 400/546/303 347/545/303 349/547/304 401/548/304
f 401/548/304 349/547/304 351/549/305 402/550/305
f 402/551/305 351/552/305 353/553/306 403/554/306
f 403/554/306 353/553/306 355/555/307 404/556/307
f 404/556/307 355/555/307 357/557/308 405/558/308
f 405/558/308 357/557/308 359/559/179 406/560/179
f 406/560/179 359/559/179 361/561/309 407/562/309
f 407/562/309 361/561/309 363/563/310 408/564/310
f 408/564/310 363/563/310 365/565/311 409/566/311
f 409/566/311 365/565/311 367/567/312 410/568/312
f 410/569/312 367/570/312 369/571/313 411/572/313
f 411/572/313 369/571/313 371/573/314 412/574/314
f 412/574/314 371/573/314 373/575/315 413/576/315
f 413/576/315 373/575/315 375/577/246 414/578/246
f 414/578/246 375/577/246 377/579/316 415/580/316
f 415/580/316 377/579/316 379/581/317 416/582/317
f 416/582/317 379/581/317 381/583/318 417/584/318
f 417/584/318 381/583/318 383/585/319 418/586/319
f 418/587/319 383/588/319 385/589/320 419/590/320
f 419/590/320 385/589/320 387/591/321 420/592/321
f 329/593/171 327/594/171 389/595/171 387/596/171 385/597/171 383/598/171 381/599/171 379/600/171 377/601/171 375/602/171 373/603/171 371/604/171 369/605/171 367/606/171 365/607/171 363/608/171 361/609/171 359/610/171 357/611/171 355/612/171 353/613/171 351/614/171 349/615/171 347/616/171 345/617/171 343/618/171 341/619/171 339/620/171 337/621/171 335/622/171 333/623/171 331/624/171
f 420/592/321 387/591/321 389/625/322 421/626/322
f 421/626/322 389/625/322 327/524/162 390/523/162
f 376/627/302 378/628/303 448/629/303 447/630/302
f 328/631/187 326/632/187 390/633/187 391/634/187
f 330/635/187 328/631/187 391/634/187 392/636/187
f 332/637/187 330/635/187 392/636/187 393/638/187
f 334/639/187 332/637/187 393/638/187 394/640/187
f 336/641/187 334/639/187 394/640/187 395/642/187
f 338/643/187 336/641/187 395/642/187 396/644/187
f 340/645/187 338/643/187 396/644/187 397/646/187
f 342/647/187 340/645/187 397/646/187 398/648/187
f 344/649/187 342/647/187 398/648/187 399/650/187
f 346/651/187 344/649/187 399/650/187 400/652/187
f 348/653/187 346/651/187 400/652/187 401/654/187
f 350/655/187 348/653/187 401/654/187 402/656/187
f 352/657/187 350/655/187 402/656/187 403/658/187
f 354/659/187 352/657/187 403/658/187 404/660/187
f 356/661/187 354/659/187 404/660/187 405/662/187
f 358/663/187 356/661/187 405/662/187 406/664/187
f 360/665/187 358/663/187 406/664/187 407/666/187
f 362/667/187 360/665/187 407/666/187 408/668/187
f 364/669/187 362/667/187 408/668/187 409/670/187
f 366/671/187 364/669/187 409/670/187 410/672/187
f 368/673/187 366/671/187 410/672/187 411/674/187
f 370/675/187 368/673/187 411/674/187 412/676/187
f 372/677/187 370/675/187 412/676/187 413/678/187
f 374/679/187 372/677/187 413/678/187 414/680/187
f 376/681/187 374/679/187 414/680/187 415/682/187
f 378/683/187 376/681/187 415/682/187 416/684/187
f 380/685/187 378/683/187 416/684/187 417/686/187
f 382/687/187 380/685/187 417/686/187 418/688/187
f 384/689/187 382/687/187 418/688/187 419/690/187
f 386/691/187 384/689/187 419/690/187 420/692/187
f 388/693/187 386/691/187 420/692/187 421/694/187
f 326/632/187 388/693/187 421/694/187 390/633/187
f 350/727/319 352/728/320 435/729/320 434/730/319
f 378/628/303 380/731/304 449/732/304 448/629/303
f 352/728/320 354/733/321 436/734/321 435/729/320
f 326/735/179 328/736/309 423/737/309 422/738/179
f 380/731/304 382/739/305 450/740/305 449/732/304
f 354/733/321 356/741/322 437/742/322 436/734/321
f 328/736/309 330/743/310 424/744/310 423/737/309
f 382/745/305 384/746/306 451/747/306 450/748/305
f 356/741/322 358/749/162 438/750/162 437/742/322
f 330/743/310 332/751/311 425/752/311 424/744/310
f 384/746/306 386/753/307 452/754/307 451/747/306
f 358/749/162 360/755/295 439/756/295 438/750/162
f 332/751/311 334/757/312 426/758/312 425/752/311
f 386/753/307 388/759/308 453/760/308 452/754/307
f 360/755/295 362/761/296 440/762/296 439/756/295
f 334/763/312 336/764/313 427/765/313 426/766/312
f 388/759/308 326/735/179 422/738/179 453/760/308
f 362/761/296 364/767/297 441/768/297 440/762/296
f 336/764/313 338/769/314 428/770/314 427/765/313
f 364/767/297 366/771/298 442/772/298 441/768/297
f 338/769/314 340/773/315 429/774/315 428/770/314
f 366/775/298 368/776/299 443/777/299 442/778/298
f 340/773/315 342/779/246 430/780/246 429/774/315
f 368/776/299 370/781/300 444/782/300 443/777/299
f 342/779/246 344/783/316 431/784/316 430/780/246
f 370/781/300 372/785/301 445/786/301 444/782/300
f 344/783/316 346/787/317 432/788/317 431/784/316
f 372/785/301 374/789/1 446/790/1 445/786/301
f 346/787/317 348/791/318 433/792/318 432/788/317
f 374/789/1 376/627/302 447/630/302 446/790/1
f 348/791/318 350/793/319 434/794/319 433/792/318
f 479/795/323 517/796/323 454/797/323 455/798/323
f 517/803/179 497/804/179 456/805/179 454/806/179
f 460/807/162 479/808/162 455/809/162 457/810/162
f 458/811/325 461/812/326 464/813/327 463/814/328
f 461/812/326 462/815/329 465/816/330 464/813/327
f 463/814/328 464/813/327 476/817/331 473/818/332
f 464/813/327 465/816/330 466/819/333 476/817/331
f 459/820/334 467/821/335 470/822/336 469/823/337
f 467/821/335 468/824/338 471/825/339 470/822/336
f 469/823/340 470/822/336 465/826/330 462/827/329
f 470/822/336 471/825/339 466/828/333 465/826/330
f 460/829/341 472/830/342 475/831/343 474/832/344
f 472/830/345 473/833/332 476/834/331 475/831/343
f 474/832/344 475/831/343 471/835/339 468/836/338
f 475/831/343 476/834/331 466/837/333 471/835/339
f 477/838/346 480/839/347 483/840/348 482/841/349
f 480/839/347 481/842/350 484/843/351 483/840/348
f 482/841/349 483/840/348 495/844/352 492/845/353
f 483/840/348 484/843/351 485/846/354 495/844/352
f 478/847/355 486/848/356 489/849/357 488/850/358
f 486/848/356 487/851/359 490/852/360 489/849/357
f 488/850/358 489/849/357 484/853/351 481/854/350
f 489/849/357 490/852/360 485/855/354 484/853/351
f 479/856/361 491/857/362 494/858/363 493/859/364
f 491/857/362 492/860/353 495/861/352 494/858/363
f 493/859/364 494/858/363 490/862/360 487/863/359
f 494/858/363 495/861/352 485/864/354 490/862/360
f 496/865/365 499/866/366 502/867/367 501/868/368
f 499/866/366 500/869/369 503/870/370 502/867/367
f 501/868/368 502/867/367 514/871/371 511/872/372
f 502/867/367 503/870/370 504/873/373 514/871/371
f 497/874/374 505/875/375 508/876/376 507/877/377
f 505/875/375 506/878/378 509/879/379 508/876/376
f 507/877/380 508/876/376 503/880/370 500/881/369
f 508/876/376 509/879/379 504/882/373 503/880/370
f 498/883/381 510/884/382 513/885/383 512/886/384
f 510/884/385 511/887/372 514/888/371 513/885/383
f 512/886/384 513/885/383 509/889/379 506/890/378
f 513/885/383 514/888/371 504/891/373 509/889/379
f 515/892/386 518/893/387 521/894/388 520/895/389
f 518/893/387 519/896/390 522/897/391 521/894/388
f 520/895/389 521/894/388 533/898/392 530/899/393
f 521/894/388 522/897/391 523/900/394 533/898/392
f 516/901/395 524/902/396 527/903/397 526/904/398
f 524/902/396 525/905/399 528/906/400 527/903/397
f 526/904/398 527/903/397 522/907/391 519/908/390
f 527/903/397 528/906/400 523/909/394 522/907/391
f 517/910/401 529/911/402 532/912/403 531/913/404
f 529/911/402 530/914/393 533/915/392 532/912/403
f 531/913/404 532/912/403 528/916/400 525/917/399
f 532/912/403 533/915/392 523/918/394 528/916/400
f 534/919/405 537/920/406 540/921/407 539/922/408
f 537/920/406 538/923/409 541/924/410 540/921/407
f 539/922/408 540/921/407 552/925/411 549/926/412
f 540/921/407 541/924/410 542/927/413 552/925/411
f 535/928/414 543/929/415 546/930/416 545/931/417
f 543/929/415 544/932/418 547/933/419 546/930/416
f 545/931/417 546/930/416 541/934/410 538/935/409
f 546/930/416 547/933/419 542/936/413 541/934/410
f 536/937/420 548/938/421 551/939/422 550/940/423
f 548/938/424 549/941/412 552/942/411 551/939/422
f 550/940/423 551/939/422 547/943/419 544/944/418
f 551/939/422 552/942/411 542/945/413 547/943/419
f 553/946/425 556/947/426 559/948/427 558/949/428
f 556/947/426 557/950/429 560/951/430 559/948/427
f 558/949/428 559/948/427 571/952/431 568/953/432
f 559/948/427 560/951/430 561/954/433 571/952/431
f 554/955/434 562/956/435 565/957/436 564/958/437
f 562/956/435 563/959/438 566/960/439 565/957/436
f 564/958/437 565/957/436 560/961/430 557/962/429
f 565/957/436 566/960/439 561/963/433 560/961/430
f 555/964/440 567/965/441 570/966/442 569/967/443
f 567/965/441 568/968/432 571/969/431 570/966/442
f 569/967/443 570/966/442 566/970/439 563/971/438
f 570/966/442 571/969/431 561/972/433 566/970/439
f 572/973/444 575/974/445 578/975/446 577/976/447
f 575/974/445 576/977/448 579/978/449 578/975/446
f 577/976/447 578/975/446 590/979/450 587/980/451
f 578/975/446 579/978/449 580/981/452 590/979/450
f 573/982/453 581/983/454 584/984/455 583/985/456
f 581/983/454 582/986/457 585/987/458 584/984/455
f 583/985/459 584/984/455 579/988/449 576/989/448
f 584/984/455 585/987/458 580/990/452 579/988/449
f 574/991/460 586/992/461 589/993/462 588/994/463
f 586/992/461 587/995/451 590/996/450 589/993/462
f 588/994/463 589/993/462 585/997/458 582/998/457
f 589/993/462 590/996/450 580/999/452 585/997/458
f 591/1000/464 594/1001/465 597/1002/466 596/1003/467
f 594/1001/465 595/1004/468 598/1005/469 597/1002/466
f 596/1003/467 597/1002/466 609/1006/470 606/1007/471
f 597/1002/466 598/1005/469 599/1008/472 609/1006/470
f 592/1009/473 600/1010/474 603/1011/475 602/1012/476
f 600/1010/474 601/1013/477 604/1014/478 603/1011/475
f 602/1012/476 603/1011/475 598/1015/469 595/1016/468
f 603/1011/475 604/1014/478 599/1017/472 598/1015/469
f 593/1018/479 605/1019/480 608/1020/481 607/1021/482
f 605/1019/480 606/1022/471 609/1023/470 608/1020/481
f 607/1021/482 608/1020/481 604/1024/478 601/1025/477
f 608/1020/481 609/1023/470 599/1026/472 604/1024/478
f 496/865/365 458/811/325 463/814/328 499/866/366
f 499/866/366 463/814/328 473/818/332 500/869/369
f 500/881/369 473/833/332 472/830/345 507/877/380
f 507/877/377 472/830/342 460/829/341 497/874/374
f 459/820/334 477/838/346 482/841/349 467/821/335
f 467/821/335 482/841/349 492/845/353 468/824/338
f 468/836/338 492/860/353 491/857/362 474/832/344
f 474/832/344 491/857/362 479/856/361 460/829/341
f 478/847/355 515/892/386 520/895/389 486/848/356
f 486/848/356 520/895/389 530/899/393 487/851/359
f 487/863/359 530/914/393 529/911/402 493/859/364
f 493/859/364 529/911/402 517/910/401 479/856/361
f 516/901/395 498/883/381 512/886/384 524/902/396
f 524/902/396 512/886/384 506/890/378 525/905/399
f 525/917/399 506/878/378 505/875/375 531/913/404
f 531/913/404 505/875/375 497/874/374 517/910/401
f 572/973/444 496/865/365 501/868/368 575/974/445
f 575/974/445 501/868/368 511/872/372 576/977/448
f 576/989/448 511/887/372 510/884/385 583/985/459
f 583/985/456 510/884/382 498/883/381 573/982/453
f 515/892/386 591/1000/464 596/1003/467 518/893/387
f 518/893/387 596/1003/467 606/1007/471 519/896/390
f 519/908/390 606/1022/471 605/1019/480 526/904/398
f 526/904/398 605/1019/480 593/1018/479 516/901/395
f 592/1009/473 574/991/460 588/994/463 600/1010/474
f 600/1010/474 588/994/463 582/998/457 601/1013/477
f 601/1025/477 582/986/457 581/983/454 607/1021/482
f 607/1021/482 581/983/454 573/982/453 593/1018/479
f 534/919/405 572/973/444 577/976/447 537/920/406
f 537/920/406 577/976/447 587/980/451 538/923/409
f 538/935/409 587/995/451 586/992/461 545/931/417
f 545/931/417 586/992/461 574/991/460 535/928/414
f 591/1000/464 553/946/425 558/949/428 594/1001/465
f 594/1001/465 558/949/428 568/953/432 595/1004/468
f 595/1016/468 568/968/432 567/965/441 602/1012/476
f 602/1012/476 567/965/441 555/964/440 592/1009/473
f 554/955/434 536/937/420 550/940/423 562/956/435
f 562/956/435 550/940/423 544/944/418 563/959/438
f 563/971/438 544/932/418 543/929/415 569/967/443
f 569/967/443 543/929/415 535/928/414 555/964/440
f 458/811/325 534/919/405 539/922/408 461/812/326
f 461/812/326 539/922/408 549/926/412 462/815/329
f 462/827/329 549/941/412 548/938/424 469/823/340
f 469/823/337 548/938/421 536/937/420 459/820/334
f 553/946/425 478/847/355 488/850/358 556/947/426
f 556/947/426 488/850/358 481/854/350 557/950/429
f 557/962/429 481/842/350 480/839/347 564/958/437
f 564/958/437 480/839/347 477/838/346 554/955/434
f 496/865/365 572/973/444 534/919/405 458/811/325
f 497/1027/483 460/1028/483 457/1029/483 456/1030/483
f 536/937/420 554/955/434 477/838/346 459/820/334
f 591/1000/464 515/892/386 478/847/355 553/946/425
f 498/883/381 516/901/395 593/1018/479 573/982/453
f 574/991/460 592/1009/473 555/964/440 535/928/414
f 635/1031/323 673/1032/323 610/1033/323 611/1034/323
f 673/1039/179 653/1040/179 612/1041/179 610/1042/179
f 616/1043/162 635/1044/162 611/1045/162 613/1046/162
f 614/1047/325 617/1048/326 620/1049/327 619/1050/328
f 617/1048/326 618/1051/329 621/1052/330 620/1049/327
f 619/1050/328 620/1049/327 632/1053/331 629/1054/332
f 620/1049/327 621/1052/330 622/1055/333 632/1053/331
f 615/1056/485 623/1057/486 626/1058/487 625/1059/488
f 623/1057/486 624/1060/489 627/1061/490 626/1058/487
f 625/1059/488 626/1058/487 621/1062/330 618/1063/329
f 626/1058/487 627/1061/490 622/1064/333 621/1062/330
f 616/1065/491 628/1066/492 631/1067/493 630/1068/494
f 628/1066/492 629/1069/332 632/1070/331 631/1067/493
f 630/1068/494 631/1067/493 627/1071/490 624/1072/489
f 631/1067/493 632/1070/331 622/1073/333 627/1071/490
f 633/1074/495 636/1075/347 639/1076/348 638/1077/496
f 636/1075/347 637/1078/350 640/1079/351 639/1076/348
f 638/1077/496 639/1076/348 651/1080/352 648/1081/497
f 639/1076/348 640/1079/351 641/1082/354 651/1080/352
f 634/1083/355 642/1084/356 645/1085/357 644/1086/358
f 642/1084/356 643/1087/359 646/1088/360 645/1085/357
f 644/1086/358 645/1085/357 640/1089/351 637/1090/350
f 645/1085/357 646/1088/360 641/1091/354 640/1089/351
f 635/1092/498 647/1093/499 650/1094/363 649/1095/364
f 647/1093/499 648/1096/497 651/1097/352 650/1094/363
f 649/1095/364 650/1094/363 646/1098/360 643/1099/359
f 650/1094/363 651/1097/352 641/1100/354 646/1098/360
f 652/1101/365 655/1102/366 658/1103/367 657/1104/368
f 655/1102/366 656/1105/369 659/1106/370 658/1103/367
f 657/1104/368 658/1103/367 670/1107/371 667/1108/372
f 658/1103/367 659/1106/370 660/1109/500 670/1107/371
f 653/1110/501 661/1111/502 664/1112/503 663/1113/504
f 661/1111/502 662/1114/505 665/1115/506 664/1112/503
f 663/1113/504 664/1112/503 659/1116/370 656/1117/369
f 664/1112/503 665/1115/506 660/1118/500 659/1116/370
f 654/1119/507 666/1120/508 669/1121/509 668/1122/510
f 666/1120/508 667/1123/372 670/1124/371 669/1121/509
f 668/1122/510 669/1121/509 665/1125/506 662/1126/505
f 669/1121/509 670/1124/371 660/1127/500 665/1125/506
f 671/1128/386 674/1129/387 677/1130/388 676/1131/389
f 674/1129/387 675/1132/390 678/1133/391 677/1130/388
f 676/1131/389 677/1130/388 689/1134/392 686/1135/393
f 677/1130/388 678/1133/391 679/1136/394 689/1134/392
f 672/1137/511 680/1138/512 683/1139/397 682/1140/398
f 680/1138/512 681/1141/513 684/1142/400 683/1139/397
f 682/1140/398 683/1139/397 678/1143/391 675/1144/390
f 683/1139/397 684/1142/400 679/1145/394 678/1143/391
f 673/1146/514 685/1147/402 688/1148/403 687/1149/515
f 685/1147/402 686/1150/393 689/1151/392 688/1148/403
f 687/1149/515 688/1148/403 684/1152/400 681/1153/513
f 688/1148/403 689/1151/392 679/1154/394 684/1152/400
f 690/1155/405 693/1156/406 696/1157/407 695/1158/408
f 693/1156/406 694/1159/409 697/1160/410 696/1157/407
f 695/1158/408 696/1157/407 708/1161/411 705/1162/412
f 696/1157/407 697/1160/410 698/1163/413 708/1161/411
f 691/1164/516 699/1165/517 702/1166/518 701/1167/519
f 699/1165/517 700/1168/520 703/1169/521 702/1166/518
f 701/1167/519 702/1166/518 697/1170/410 694/1171/409
f 702/1166/518 703/1169/521 698/1172/413 697/1170/410
f 692/1173/522 704/1174/523 707/1175/524 706/1176/525
f 704/1174/523 705/1177/412 708/1178/411 707/1175/524
f 706/1176/525 707/1175/524 703/1179/521 700/1180/520
f 707/1175/524 708/1178/411 698/1181/413 703/1179/521
f 709/1182/425 712/1183/426 715/1184/427 714/1185/428
f 712/1183/426 713/1186/429 716/1187/430 715/1184/427
f 714/1185/428 715/1184/427 727/1188/431 724/1189/432
f 715/1184/427 716/1187/430 717/1190/433 727/1188/431
f 710/1191/526 718/1192/527 721/1193/436 720/1194/437
f 718/1192/527 719/1195/528 722/1196/439 721/1193/436
f 720/1194/437 721/1193/436 716/1197/430 713/1198/429
f 721/1193/436 722/1196/439 717/1199/433 716/1197/430
f 711/1200/529 723/1201/441 726/1202/442 725/1203/530
f 723/1201/441 724/1204/432 727/1205/431 726/1202/442
f 725/1203/530 726/1202/442 722/1206/439 719/1207/528
f 726/1202/442 727/1205/431 717/1208/433 722/1206/439
f 728/1209/444 731/1210/445 734/1211/446 733/1212/447
f 731/1210/445 732/1213/448 735/1214/449 734/1211/446
f 733/1212/447 734/1211/446 746/1215/450 743/1216/451
f 734/1211/446 735/1214/449 736/1217/452 746/1215/450
f 729/1218/531 737/1219/532 740/1220/533 739/1221/534
f 737/1219/532 738/1222/535 741/1223/536 740/1220/533
f 739/1221/534 740/1220/533 735/1224/449 732/1225/448
f 740/1220/533 741/1223/536 736/1226/452 735/1224/449
f 730/1227/537 742/1228/538 745/1229/539 744/1230/540
f 742/1228/538 743/1231/451 746/1232/450 745/1229/539
f 744/1230/540 745/1229/539 741/1233/536 738/1234/535
f 745/1229/539 746/1232/450 736/1235/452 741/1233/536
f 747/1236/464 750/1237/465 753/1238/466 752/1239/467
f 750/1237/465 751/1240/468 754/1241/469 753/1238/466
f 752/1239/467 753/1238/466 765/1242/470 762/1243/471
f 753/1238/466 754/1241/469 755/1244/472 765/1242/470
f 748/1245/541 756/1246/542 759/1247/475 758/1248/476
f 756/1246/542 757/1249/543 760/1250/478 759/1247/475
f 758/1248/476 759/1247/475 754/1251/469 751/1252/468
f 759/1247/475 760/1250/478 755/1253/472 754/1251/469
f 749/1254/544 761/1255/480 764/1256/481 763/1257/545
f 761/1255/480 762/1258/471 765/1259/470 764/1256/481
f 763/1257/545 764/1256/481 760/1260/478 757/1261/543
f 764/1256/481 765/1259/470 755/1262/472 760/1260/478
f 652/1101/365 614/1047/325 619/1050/328 655/1102/366
f 655/1102/366 619/1050/328 629/1054/332 656/1105/369
f 656/1117/369 629/1069/332 628/1066/492 663/1113/504
f 663/1113/504 628/1066/492 616/1065/491 653/1110/501
f 615/1056/485 633/1074/495 638/1077/496 623/1057/486
f 623/1057/486 638/1077/496 648/1081/497 624/1060/489
f 624/1072/489 648/1096/497 647/1093/499 630/1068/494
f 630/1068/494 647/1093/499 635/1092/498 616/1065/491
f 634/1083/355 671/1128/386 676/1131/389 642/1084/356
f 642/1084/356 676/1131/389 686/1135/393 643/1087/359
f 643/1099/359 686/1150/393 685/1147/402 649/1095/364
f 649/1095/364 685/1147/402 673/1146/514 635/1092/498
f 672/1137/511 654/1119/507 668/1122/510 680/1138/512
f 680/1138/512 668/1122/510 662/1126/505 681/1141/513
f 681/1153/513 662/1114/505 661/1111/502 687/1149/515
f 687/1149/515 661/1111/502 653/1110/501 673/1146/514
f 728/1209/444 652/1101/365 657/1104/368 731/1210/445
f 731/1210/445 657/1104/368 667/1108/372 732/1213/448
f 732/1225/448 667/1123/372 666/1120/508 739/1221/534
f 739/1221/534 666/1120/508 654/1119/507 729/1218/531
f 671/1128/386 747/1236/464 752/1239/467 674/1129/387
f 674/1129/387 752/1239/467 762/1243/471 675/1132/390
f 675/1144/390 762/1258/471 761/1255/480 682/1140/398
f 682/1140/398 761/1255/480 749/1254/544 672/1137/511
f 748/1245/541 730/1227/537 744/1230/540 756/1246/542
f 756/1246/542 744/1230/540 738/1234/535 757/1249/543
f 757/1261/543 738/1222/535 737/1219/532 763/1257/545
f 763/1257/545 737/1219/532 729/1218/531 749/1254/544
f 690/1155/405 728/1209/444 733/1212/447 693/1156/406
f 693/1156/406 733/1212/447 743/1216/451 694/1159/409
f 694/1171/409 743/1231/451 742/1228/538 701/1167/519
f 701/1167/519 742/1228/538 730/1227/537 691/1164/516
f 747/1236/464 709/1182/425 714/1185/428 750/1237/465
f 750/1237/465 714/1185/428 724/1189/432 751/1240/468
f 751/1252/468 724/1204/432 723/1201/441 758/1248/476
f 758/1248/476 723/1201/441 711/1200/529 748/1245/541
f 710/1191/526 692/1173/522 706/1176/525 718/1192/527
f 718/1192/527 706/1176/525 700/1180/520 719/1195/528
f 719/1207/528 700/1168/520 699/1165/517 725/1203/530
f 725/1203/530 699/1165/517 691/1164/516 711/1200/529
f 614/1047/325 690/1155/405 695/1158/408 617/1048/326
f 617/1048/326 695/1158/408 705/1162/412 618/1051/329
f 618/1063/329 705/1177/412 704/1174/523 625/1059/488
f 625/1059/488 704/1174/523 692/1173/522 615/1056/485
f 709/1182/425 634/1083/355 644/1086/358 712/1183/426
f 712/1183/426 644/1086/358 637/1090/350 713/1186/429
f 713/1198/429 637/1078/350 636/1075/347 720/1194/437
f 720/1194/437 636/1075/347 633/1074/495 710/1191/526
f 652/1101/365 728/1209/444 690/1155/405 614/1047/325
f 653/1263/483 616/1264/483 613/1265/483 612/1266/483
f 692/1173/522 710/1191/526 633/1074/495 615/1056/485
f 747/1236/464 671/1128/386 634/1083/355 709/1182/425
f 654/1119/507 672/1137/511 749/1254/544 729/1218/531
f 730/1227/537 748/1245/541 711/1200/529 691/1164/516
f 791/1267/546 829/1268/546 766/1269/546 767/1270/546
f 829/1275/162 809/1276/162 768/1277/162 766/1278/162
f 772/1279/179 791/1280/179 767/1281/179 769/1282/179
f 770/1283/548 773/1284/549 776/1285/550 775/1286/551
f 773/1284/549 774/1287/552 777/1288/553 776/1285/550
f 775/1286/551 776/1285/550 788/1289/554 785/1290/555
f 776/1285/550 777/1288/553 778/1291/556 788/1289/554
f 771/1292/557 779/1293/558 782/1294/559 781/1295/560
f 779/1293/558 780/1296/561 783/1297/562 782/1294/559
f 781/1295/560 782/1294/559 777/1298/553 774/1299/552
f 782/1294/559 783/1297/562 778/1300/556 777/1298/553
f 772/1301/563 784/1302/564 787/1303/565 786/1304/566
f 784/1302/564 785/1305/555 788/1306/554 787/1303/565
f 786/1304/566 787/1303/565 783/1307/562 780/1308/561
f 787/1303/565 788/1306/554 778/1309/556 783/1307/562
f 789/1310/567 792/1311/568 795/1312/569 794/1313/570
f 792/1311/568 793/1314/571 796/1315/572 795/1312/569
f 794/1313/570 795/1312/569 807/1316/573 804/1317/574
f 795/1312/569 796/1315/572 797/1318/575 807/1316/573
f 790/1319/576 798/1320/577 801/1321/578 800/1322/579
f 798/1320/577 799/1323/580 802/1324/581 801/1321/578
f 800/1322/579 801/1321/578 796/1325/572 793/1326/571
f 801/1321/578 802/1324/581 797/1327/575 796/1325/572
f 791/1328/582 803/1329/583 806/1330/584 805/1331/585
f 803/1329/583 804/1332/574 807/1333/573 806/1330/584
f 805/1331/585 806/1330/584 802/1334/581 799/1335/580
f 806/1330/584 807/1333/573 797/1336/575 802/1334/581
f 808/1337/586 811/1338/587 814/1339/588 813/1340/589
f 811/1338/587 812/1341/590 815/1342/591 814/1339/588
f 813/1340/589 814/1339/588 826/1343/592 823/1344/593
f 814/1339/588 815/1342/591 816/1345/594 826/1343/592
f 809/1346/595 817/1347/596 820/1348/597 819/1349/598
f 817/1347/596 818/1350/599 821/1351/600 820/1348/597
f 819/1349/598 820/1348/597 815/1352/591 812/1353/590
f 820/1348/597 821/1351/600 816/1354/594 815/1352/591
f 810/1355/601 822/1356/602 825/1357/603 824/1358/604
f 822/1356/602 823/1359/593 826/1360/592 825/1357/603
f 824/1358/604 825/1357/603 821/1361/600 818/1362/599
f 825/1357/603 826/1360/592 816/1363/594 821/1361/600
f 827/1364/605 830/1365/606 833/1366/607 832/1367/608
f 830/1365/606 831/1368/609 834/1369/610 833/1366/607
f 832/1367/608 833/1366/607 845/1370/611 842/1371/612
f 833/1366/607 834/1369/610 835/1372/613 845/1370/611
f 828/1373/614 836/1374/615 839/1375/616 838/1376/617
f 836/1374/615 837/1377/618 840/1378/619 839/1375/616
f 838/1376/617 839/1375/616 834/1379/610 831/1380/609
f 839/1375/616 840/1378/619 835/1381/613 834/1379/610
f 829/1382/620 841/1383/621 844/1384/622 843/1385/623
f 841/1383/621 842/1386/612 845/1387/611 844/1384/622
f 843/1385/623 844/1384/622 840/1388/619 837/1389/618
f 844/1384/622 845/1387/611 835/1390/613 840/1388/619
f 846/1391/624 849/1392/625 852/1393/626 851/1394/627
f 849/1392/625 850/1395/628 853/1396/629 852/1393/626
f 851/1394/627 852/1393/626 864/1397/630 861/1398/631
f 852/1393/626 853/1396/629 854/1399/632 864/1397/630
f 847/1400/633 855/1401/634 858/1402/635 857/1403/636
f 855/1401/634 856/1404/637 859/1405/638 858/1402/635
f 857/1403/636 858/1402/635 853/1406/629 850/1407/628
f 858/1402/635 859/1405/638 854/1408/632 853/1406/629
f 848/1409/639 860/1410/640 863/1411/641 862/1412/642
f 860/1410/640 861/1413/631 864/1414/630 863/1411/641
f 862/1412/642 863/1411/641 859/1415/638 856/1416/637
f 863/1411/641 864/1414/630 854/1417/632 859/1415/638
f 865/1418/643 868/1419/644 871/1420/645 870/1421/646
f 868/1419/644 869/1422/647 872/1423/648 871/1420/645
f 870/1421/646 871/1420/645 883/1424/649 880/1425/650
f 871/1420/645 872/1423/648 873/1426/651 883/1424/649
f 866/1427/652 874/1428/653 877/1429/654 876/1430/655
f 874/1428/653 875/1431/656 878/1432/657 877/1429/654
f 876/1430/655 877/1429/654 872/1433/648 869/1434/647
f 877/1429/654 878/1432/657 873/1435/651 872/1433/648
f 867/1436/658 879/1437/659 882/1438/660 881/1439/661
f 879/1437/659 880/1440/650 883/1441/649 882/1438/660
f 881/1439/661 882/1438/660 878/1442/657 875/1443/656
f 882/1438/660 883/1441/649 873/1444/651 878/1442/657
f 884/1445/662 887/1446/663 890/1447/664 889/1448/665
f 887/1446/663 888/1449/666 891/1450/667 890/1447/664
f 889/1448/665 890/1447/664 902/1451/668 899/1452/669
f 890/1447/664 891/1450/667 892/1453/670 902/1451/668
f 885/1454/671 893/1455/672 896/1456/673 895/1457/674
f 893/1455/672 894/1458/675 897/1459/676 896/1456/673
f 895/1457/674 896/1456/673 891/1460/667 888/1461/666
f 896/1456/673 897/1459/676 892/1462/670 891/1460/667
f 886/1463/677 898/1464/678 901/1465/679 900/1466/680
f 898/1464/678 899/1467/669 902/1468/668 901/1465/679
f 900/1466/680 901/1465/679 897/1469/676 894/1470/675
f 901/1465/679 902/1468/668 892/1471/670 897/1469/676
f 903/1472/681 906/1473/682 909/1474/683 908/1475/684
f 906/1473/682 907/1476/685 910/1477/686 909/1474/683
f 908/1475/684 909/1474/683 921/1478/687 918/1479/688
f 909/1474/683 910/1477/686 911/1480/689 921/1478/687
f 904/1481/690 912/1482/691 915/1483/692 914/1484/693
f 912/1482/691 913/1485/694 916/1486/695 915/1483/692
f 914/1484/693 915/1483/692 910/1487/686 907/1488/685
f 915/1483/692 916/1486/695 911/1489/689 910/1487/686
f 905/1490/696 917/1491/697 920/1492/698 919/1493/699
f 917/1491/697 918/1494/688 921/1495/687 920/1492/698
f 919/1493/699 920/1492/698 916/1496/695 913/1497/694
f 920/1492/698 921/1495/687 911/1498/689 916/1496/695
f 808/1337/586 770/1283/548 775/1286/551 811/1338/587
f 811/1338/587 775/1286/551 785/1290/555 812/1341/590
f 812/1353/590 785/1305/555 784/1302/564 819/1349/598
f 819/1349/598 784/1302/564 772/1301/563 809/1346/595
f 771/1292/557 789/1310/567 794/1313/570 779/1293/558
f 779/1293/558 794/1313/570 804/1317/574 780/1296/561
f 780/1308/561 804/1332/574 803/1329/583 786/1304/566
f 786/1304/566 803/1329/583 791/1328/582 772/1301/563
f 790/1319/576 827/1364/605 832/1367/608 798/1320/577
f 798/1320/577 832/1367/608 842/1371/612 799/1323/580
f 799/1335/580 842/1386/612 841/1383/621 805/1331/585
f 805/1331/585 841/1383/621 829/1382/620 791/1328/582
f 828/1373/614 810/1355/601 824/1358/604 836/1374/615
f 836/1374/615 824/1358/604 818/1362/599 837/1377/618
f 837/1389/618 818/1350/599 817/1347/596 843/1385/623
f 843/1385/623 817/1347/596 809/1346/595 829/1382/620
f 884/1445/662 808/1337/586 813/1340/589 887/1446/663
f 887/1446/663 813/1340/589 823/1344/593 888/1449/666
f 888/1461/666 823/1359/593 822/1356/602 895/1457/674
f 895/1457/674 822/1356/602 810/1355/601 885/1454/671
f 827/1364/605 903/1472/681 908/1475/684 830/1365/606
f 830/1365/606 908/1475/684 918/1479/688 831/1368/609
f 831/1380/609 918/1494/688 917/1491/697 838/1376/617
f 838/1376/617 917/1491/697 905/1490/696 828/1373/614
f 904/1481/690 886/1463/677 900/1466/680 912/1482/691
f 912/1482/691 900/1466/680 894/1470/675 913/1485/694
f 913/1497/694 894/1458/675 893/1455/672 919/1493/699
f 919/1493/699 893/1455/672 885/1454/671 905/1490/696
f 846/1391/624 884/1445/662 889/1448/665 849/1392/625
f 849/1392/625 889/1448/665 899/1452/669 850/1395/628
f 850/1407/628 899/1467/669 898/1464/678 857/1403/636
f 857/1403/636 898/1464/678 886/1463/677 847/1400/633
f 903/1472/681 865/1418/643 870/1421/646 906/1473/682
f 906/1473/682 870/1421/646 880/1425/650 907/1476/685
f 907/1488/685 880/1440/650 879/1437/659 914/1484/693
f 914/1484/693 879/1437/659 867/1436/658 904/1481/690
f 866/1427/652 848/1409/639 862/1412/642 874/1428/653
f 874/1428/653 862/1412/642 856/1416/637 875/1431/656
f 875/1443/656 856/1404/637 855/1401/634 881/1439/661
f 881/1439/661 855/1401/634 847/1400/633 867/1436/658
f 770/1283/548 846/1391/624 851/1394/627 773/1284/549
f 773/1284/549 851/1394/627 861/1398/631 774/1287/552
f 774/1299/552 861/1413/631 860/1410/640 781/1295/560
f 781/1295/560 860/1410/640 848/1409/639 771/1292/557
f 865/1418/643 790/1319/576 800/1322/579 868/1419/644
f 868/1419/644 800/1322/579 793/1326/571 869/1422/647
f 869/1434/647 793/1314/571 792/1311/568 876/1430/655
f 876/1430/655 792/1311/568 789/1310/567 866/1427/652
f 808/1337/586 884/1445/662 846/1391/624 770/1283/548
f 809/1499/700 772/1500/700 769/1501/700 768/1502/700
f 848/1409/639 866/1427/652 789/1310/567 771/1292/557
f 903/1472/681 827/1364/605 790/1319/576 865/1418/643
f 810/1355/601 828/1373/614 905/1490/696 885/1454/671
f 886/1463/677 904/1481/690 867/1436/658 847/1400/633
usemtl Material.003
f 422/695/187 423/696/187 424/697/187 425/698/187 426/699/187 427/700/187 428/701/187 429/702/187 430/703/187 431/704/187 432/705/187 433/706/187 434/707/187 435/708/187 436/709/187 437/710/187 438/711/187 439/712/187 440/713/187 441/714/187 442/715/187 443/716/187 444/717/187 445/718/187 446/719/187 447/720/187 448/721/187 449/722/187 450/723/187 451/724/187 452/725/187 453/726/187
f 613/1035/484 611/1036/484 610/1037/484 612/1038/484
f 769/1271/547 767/1272/547 766/1273/547 768/1274/547
usemtl Material.002
f 457/799/324 455/800/324 454/801/324 456/802/324
usemtl Material.005
f 930/1527/187 931/1528/187 933/1529/187 932/1530/187
f 932/1531/162 933/1532/162 937/1533/162 936/1534/162
f 936/1535/171 937/1536/171 935/1537/171 934/1538/171
f 934/1539/179 935/1540/179 931/1541/179 930/1542/179
f 932/1543/1 936/1544/1 934/1545/1 930/1546/1
f 937/1547/246 933/1548/246 931/1549/246 935/1550/246
usemtl Material.006
f 938/1551/187 939/1552/187 941/1553/187 940/1554/187
f 940/1555/162 941/1556/162 945/1557/162 944/1558/162
f 944/1559/171 945/1560/171 943/1561/171 942/1562/171
f 942/1563/179 943/1564/179 939/1565/179 938/1566/179
f 940/1567/1 944/1568/1 942/1569/1 938/1570/1
f 945/1571/246 941/1572/246 939/1573/246 943/1574/246
usemtl Material.007
f 946/1575/187 947/1576/187 949/1577/187 948/1578/187
f 948/1579/162 949/1580/162 953/1581/162 952/1582/162
f 952/1583/171 953/1584/171 951/1585/171 950/1586/171
f 950/1587/179 951/1588/179 947/1589/179 946/1590/179
f 948/1591/1 952/1592/1 950/1593/1 946/1594/1
f 953/1595/246 949/1596/246 947/1597/246 951/1598/246
usemtl Material.008
f 954/1599/187 955/1600/187 957/1601/187 956/1602/187
f 956/1603/162 957/1604/162 961/1605/162 960/1606/162
f 960/1607/171 961/1608/171 959/1609/171 958/1610/171
f 958/1611/179 959/1612/179 955/1613/179 954/1614/179
f 956/1615/1 960/1616/1 958/1617/1 954/1618/1
f 961/1619/246 957/1620/246 955/1621/246 959/1622/246
